"Author","Title","Year","Journal","Location","Taxonomic_group_class","Taxonomic_order","Taxonomic_group_species","Primates","Mammals_Aves_Other","Measure_of_cognition","Measure_of_sociality","Cognitive_Ability_neuroanatomy_or_both","Cognitive_Ability_detailed","Sociality","Intra_inter_both","Captive_or_wild","Stats","Sample_size","Sample_size_species","Design","r","reverse","Sample_size_group1","Sample_size_group2","mean_grp1","dispersion_grp1","mean_grp2","dispersion_grp2","dispersion_type","ci_T","proportion_grp1","proportion_grp2","F","T","df","dferror","D","v","pearsonr_p","z","Source","Shared_control","Shared_treatment","paperid","studyid","esid","data_source","data_page","source_ref","figure_name","yi","CI","CI_low","CI_high","sd1","sd2","study","weight","sample.size","se","var","ci.lo","ci.hi","fishers.z","ci.lo.z","ci.hi.z","measure","row_id","vi","r_regt","yi_zr","se_zr","vi_zr"
"Deaner et al","Comparative tests of primate cognition: Different scaling methods produce different results",2000,"Brain, Behavior and Evolution","North Carolina, USA","Mammalia","Primates","Multiple","Primates","Mammalia","Non-V1 Isocortex (Isocortex minus primary visual cortex)","Group Size","Neuroanatomy","brain region relative","Groupsize","Inter","Unknown","f",NA,31,"Inter_species_level",NA,"no",NA,NA,NA,NA,NA,NA,NA,NA,NA,NA,3.15,NA,1,29,NA,NA,NA,NA,"BOTH",NA,NA,"paper103","study105","es565","table","47","2",NA,0.31301473936646,0.95,-0.046685472156773,0.573743940383405,NA,NA,NA,NA,NA,NA,NA,NA,NA,NA,NA,NA,NA,NA,NA,NA,0.323884131323258,0.188982236504614,0.0357142857142857
"Deaner et al","Comparative tests of primate cognition: Different scaling methods produce different results",2000,"Brain, Behavior and Evolution","North Carolina, USA","Mammalia","Primates","Multiple","Primates","Mammalia","Non-V1 Isocortex (Isocortex minus primary visual cortex)","Group Size","Neuroanatomy","brain region relative","Groupsize","Inter","Unknown","f",NA,31,"Inter_species_level",NA,"no",NA,NA,NA,NA,NA,NA,NA,NA,NA,NA,9.07,NA,1,29,NA,NA,NA,NA,"BOTH",NA,NA,"paper103","study105","es566","table","47","2",NA,0.488103818399444,0.95,0.161765999466738,0.687304890471677,NA,NA,NA,NA,NA,NA,NA,NA,NA,NA,NA,NA,NA,NA,NA,NA,0.533568074610757,0.188982236504614,0.0357142857142857
"Deaner et al","Comparative tests of primate cognition: Different scaling methods produce different results",2000,"Brain, Behavior and Evolution","North Carolina, USA","Mammalia","Primates","Multiple","Primates","Mammalia","Non-V1 Isocortex (Isocortex minus primary visual cortex)","Group Size","Neuroanatomy","brain region relative","Groupsize","Inter","Unknown","f",NA,31,"Inter_species_level",NA,"no",NA,NA,NA,NA,NA,NA,NA,NA,NA,NA,5.29,NA,1,29,NA,NA,NA,NA,"BOTH",NA,NA,"paper103","study105","es567","table","47","2",NA,0.392775231676896,0.95,0.0436343180073071,0.626490036740859,NA,NA,NA,NA,NA,NA,NA,NA,NA,NA,NA,NA,NA,NA,NA,NA,0.415077294442516,0.188982236504614,0.0357142857142857
"Dunbar & Shultz","Understanding primate brain evolution",2007,"Philosophical Transactions of the Royal Society B-Biological Sciences","Liverpool, UK","Mammalia","Primates","Multiple","Primates","Mammalia","Brain size to body","Group Size","Neuroanatomy","brain size relative","Groupsize","Inter","Unknown","f",NA,42,"Inter_species_level",NA,"no",NA,NA,NA,NA,NA,NA,NA,NA,NA,NA,35.86,NA,1,41,NA,NA,NA,NA,"BOTH",NA,NA,"paper24","study25","es569","table","652","1",NA,0.683053864140069,0.95,0.491632648931632,0.792126765376219,NA,NA,NA,NA,NA,NA,NA,NA,NA,NA,NA,NA,NA,NA,NA,NA,0.834816678749362,0.160128153805087,0.0256410256410256
"Dunbar & Shultz","Understanding primate brain evolution",2007,"Philosophical Transactions of the Royal Society B-Biological Sciences","Liverpool, UK","Mammalia","Primates","Multiple","Primates","Mammalia","Relative Neocortex Size (Log-transformed neocortex/log-transformed total brain size)","Group Size","Neuroanatomy","brain region relative","Groupsize","Inter","Unknown","f",NA,42,"Inter_species_level",NA,"no",NA,NA,NA,NA,NA,NA,NA,NA,NA,NA,33.4,NA,1,41,NA,NA,NA,NA,"BOTH",NA,NA,"paper24","study25","es88","table","652","1",NA,0.670018455852371,0.95,0.472291677144501,0.783623916287618,NA,NA,NA,NA,NA,NA,NA,NA,NA,NA,NA,NA,NA,NA,NA,NA,0.810776615343572,0.160128153805087,0.0256410256410256
"Dunbar & Shultz","Understanding primate brain evolution",2007,"Philosophical Transactions of the Royal Society B-Biological Sciences","Liverpool, UK","Mammalia","Primates","Multiple","Primates","Mammalia","Relative Neocortex Size (Log-transformed neocortex/log-transformed total brain size minus neocortex)","Group Size","Neuroanatomy","brain region relative","Groupsize","Inter","Unknown","f",NA,42,"Inter_species_level",NA,"no",NA,NA,NA,NA,NA,NA,NA,NA,NA,NA,44.11,NA,1,41,NA,NA,NA,NA,"BOTH",NA,NA,"paper24","study25","es89","table","652","1",NA,0.71991004542573,0.95,0.54726320478763,0.816111848188717,NA,NA,NA,NA,NA,NA,NA,NA,NA,NA,NA,NA,NA,NA,NA,NA,0.907458225678906,0.160128153805087,0.0256410256410256
"Dunbar & Shultz","Understanding primate brain evolution",2007,"Philosophical Transactions of the Royal Society B-Biological Sciences","Liverpool, UK","Mammalia","Primates","Multiple","Primates","Mammalia","Relative Neocortex Size (log-transformed neocortex/log-transformed medulla)","Group Size","Neuroanatomy","brain region relative","Groupsize","Inter","Unknown","f",NA,42,"Inter_species_level",NA,"no",NA,NA,NA,NA,NA,NA,NA,NA,NA,NA,29.35,NA,1,41,NA,NA,NA,NA,"BOTH",NA,NA,"paper24","study25","es90","table","652","1",NA,0.645909990406696,0.95,0.43699573717299,0.767862573371112,NA,NA,NA,NA,NA,NA,NA,NA,NA,NA,NA,NA,NA,NA,NA,NA,0.768248775352165,0.160128153805087,0.0256410256410256
"Dunbar & Shultz","Understanding primate brain evolution",2007,"Philosophical Transactions of the Royal Society B-Biological Sciences","Liverpool, UK","Mammalia","Primates","Multiple","Primates","Mammalia","Relative Cerebellum Size","Group Size","Neuroanatomy","brain region relative","Groupsize","Inter","Unknown","f",NA,42,"Inter_species_level",NA,"yes",NA,NA,NA,NA,NA,NA,NA,NA,NA,NA,20.8,NA,1,41,NA,NA,NA,NA,"BOTH",NA,NA,"paper24","study25","es91","table","652","1",NA,-0.580146170622565,0.95,0.343920296856012,0.724557358954658,NA,NA,NA,NA,NA,NA,NA,NA,NA,NA,NA,NA,NA,NA,NA,NA,-0.662683004691732,0.160128153805087,0.0256410256410256
"Iwaniuk & Arnold","Is cooperative breeding associated with bigger brains? A comparative test in the Corvida (Passeriformes)",2004,"Ethology","Victoria, Australia","Aves","Passeriformes","Multiple","Other","Aves","Relative Brain Size","Cooperative breeding","Neuroanatomy","brain size relative","Broadsociality","Inter","Unknown","f",NA,155,"Inter_species_level",NA,"no",NA,NA,NA,NA,NA,NA,NA,NA,NA,NA,7.06,NA,1,152,NA,NA,NA,NA,"BOTH",NA,NA,"paper32","study33","es167","table","209","1",NA,0.210679297458169,0.95,0.054283367081825,0.351924590996716,NA,NA,NA,NA,NA,NA,NA,NA,NA,NA,NA,NA,NA,NA,NA,NA,0.213882089280367,0.0811107105653813,0.00657894736842105
"Joffe & Dunbar","Visual and socio-cognitive information processing in primate brain evolution",1997,"Proceedings of the Royal Society B: Biological Sciences","Liverpool, UK","Mammalia","Primates","Multiple","Primates","Mammalia","NVC","Group Size","Neuroanatomy","brain region relative","Groupsize","Inter","Unknown","f",NA,18,"Inter_species_level",NA,"no",NA,NA,NA,NA,NA,NA,NA,NA,NA,NA,24.987,NA,1,16,NA,NA,NA,NA,"BOTH",NA,NA,"paper33","study34","es169","text","1305",NA,NA,0.780789550675277,0.95,0.5063421035755,0.883909233233538,NA,NA,NA,NA,NA,NA,NA,NA,NA,NA,NA,NA,NA,NA,NA,NA,1.04738994425971,0.258198889747161,0.0666666666666667
"Joffe & Dunbar","Visual and socio-cognitive information processing in primate brain evolution",1997,"Proceedings of the Royal Society B: Biological Sciences","Liverpool, UK","Mammalia","Primates","Multiple","Primates","Mammalia","Primary Visual Cortex Volume (V1)","Group Size","Neuroanatomy","brain region relative","Groupsize","Inter","Unknown","f",NA,18,"Inter_species_level",NA,"no",NA,NA,NA,NA,NA,NA,NA,NA,NA,NA,7.162,NA,1,16,NA,NA,NA,NA,"BOTH",NA,NA,"paper33","study34","es170","text","1305",NA,NA,0.556069570037198,0.95,0.118433383562785,0.768687627962027,NA,NA,NA,NA,NA,NA,NA,NA,NA,NA,NA,NA,NA,NA,NA,NA,0.627125276838724,0.258198889747161,0.0666666666666667
"Joffe & Dunbar","Visual and socio-cognitive information processing in primate brain evolution",1997,"Proceedings of the Royal Society B: Biological Sciences","Liverpool, UK","Mammalia","Primates","Multiple","Primates","Mammalia","LGN Volume","Group Size","Neuroanatomy","brain region relative","Groupsize","Inter","Unknown","f",NA,18,"Inter_species_level",NA,"no",NA,NA,NA,NA,NA,NA,NA,NA,NA,NA,8.128,NA,1,16,NA,NA,NA,NA,"BOTH",NA,NA,"paper33","study34","es171","text","1305",NA,NA,0.580405053841883,0.95,0.154209771735293,0.781276475903951,NA,NA,NA,NA,NA,NA,NA,NA,NA,NA,NA,NA,NA,NA,NA,NA,0.663073312167395,0.258198889747161,0.0666666666666667
"Joffe & Dunbar","Visual and socio-cognitive information processing in primate brain evolution",1997,"Proceedings of the Royal Society B: Biological Sciences","Liverpool, UK","Mammalia","Primates","Multiple","Primates","Mammalia","Amygdala Volume","Group Size","Neuroanatomy","brain region relative","Groupsize","Inter","Unknown","f",NA,7,"Inter_species_level",NA,"no",NA,NA,NA,NA,NA,NA,NA,NA,NA,NA,0.008,NA,1,5,NA,NA,NA,NA,"BOTH",NA,NA,"paper33","study34","es172","text","1305",NA,NA,0.0399680383488716,0.95,-0.642648925989907,0.675022841456504,NA,NA,NA,NA,NA,NA,NA,NA,NA,NA,NA,NA,NA,NA,NA,NA,0.0399893410060271,0.5,0.25
"Lewis & Barton","Amygdala size and hypothalamus size predict social play frequency in nonhuman primates: A comparative analysis using independent contrasts",2006,"Journal of Comparative Psychology","Missouri, USA","Mammalia","Primates","Multiple","Primates","Mammalia","Amygdala Size","Social play","Neuroanatomy","brain region relative","Socialinteraction","Inter","Mixed","f",NA,9,"Inter_species_level",NA,"no",NA,NA,NA,NA,NA,NA,NA,NA,NA,NA,15.64,NA,1,7,NA,NA,NA,NA,"SCOPUS",NA,NA,"paper48","study49","es273","text","34",NA,NA,0.831151442787689,0.95,0.374994912850092,0.930333832430384,NA,NA,NA,NA,NA,NA,NA,NA,NA,NA,NA,NA,NA,NA,NA,NA,1.19184902483662,0.408248290463863,0.166666666666667
"Lewis & Barton","Amygdala size and hypothalamus size predict social play frequency in nonhuman primates: A comparative analysis using independent contrasts",2006,"Journal of Comparative Psychology","Missouri, USA","Mammalia","Primates","Multiple","Primates","Mammalia","Hypothalamus Size","Social play","Neuroanatomy","brain region relative","Socialinteraction","Inter","Mixed","f",NA,7,"Inter_species_level",NA,"no",NA,NA,NA,NA,NA,NA,NA,NA,NA,NA,11.61,NA,1,6,NA,NA,NA,NA,"SCOPUS",NA,NA,"paper48","study49","es274","text","34",NA,NA,0.811963359668793,0.95,0.246229630501128,0.927045018622733,NA,NA,NA,NA,NA,NA,NA,NA,NA,NA,NA,NA,NA,NA,NA,NA,1.13276471312303,0.5,0.25
"Shultz & Dunbar","Both social and ecological factors predict ungulate brain size",2006,"Proceedings of the Royal Society B: Biological Sciences","Liverpool, UK","Mammalia","Multiple","Multiple","Other","Mammalia","Relative Brain Size","Sociality","Neuroanatomy","brain size relative","Groupsize","Inter","Unknown","f",NA,78,"Inter_species_level",NA,"no",NA,NA,NA,NA,NA,NA,NA,NA,NA,NA,5.67,NA,1,76,NA,NA,NA,NA,"BOTH",NA,NA,"paper83","study85","es430","text","209",NA,NA,0.263487642452148,0.95,0.0432683041432642,0.44809868781681,NA,NA,NA,NA,NA,NA,NA,NA,NA,NA,NA,NA,NA,NA,NA,NA,0.269852565930355,0.115470053837925,0.0133333333333333
"Shultz & Dunbar","Both social and ecological factors predict ungulate brain size",2006,"Proceedings of the Royal Society B: Biological Sciences","Liverpool, UK","Mammalia","Multiple","Multiple","Other","Mammalia","Neocortex Ratio","Sociality","Neuroanatomy","brain region relative","Groupsize","Inter","Unknown","f",NA,36,"Inter_species_level",NA,"no",NA,NA,NA,NA,NA,NA,NA,NA,NA,NA,6.64,NA,1,34,NA,NA,NA,NA,"BOTH",NA,NA,"paper83","study85","es431","table","213","3",NA,0.404210127002842,0.95,0.0865905257072855,0.620382831655088,NA,NA,NA,NA,NA,NA,NA,NA,NA,NA,NA,NA,NA,NA,NA,NA,0.428671096839684,0.174077655955698,0.0303030303030303
"Shultz & Dunbar","Both social and ecological factors predict ungulate brain size",2006,"Proceedings of the Royal Society B: Biological Sciences","Liverpool, UK","Mammalia","Multiple","Multiple","Other","Mammalia","Neocortex Ratio","Group Size","Neuroanatomy","brain region relative","Groupsize","Inter","Unknown","f",NA,36,"Inter_species_level",NA,"no",NA,NA,NA,NA,NA,NA,NA,NA,NA,NA,0.27,NA,1,34,NA,NA,NA,NA,"BOTH",NA,NA,"paper83","study85","es432","table","213","3",NA,0.0887615402641,0.95,-0.241009655446428,0.391339977091104,NA,NA,NA,NA,NA,NA,NA,NA,NA,NA,NA,NA,NA,NA,NA,NA,0.088995754317287,0.174077655955698,0.0303030303030303
"Shultz & Dunbar","Both social and ecological factors predict ungulate brain size",2006,"Proceedings of the Royal Society B: Biological Sciences","Liverpool, UK","Mammalia","Multiple","Multiple","Other","Mammalia","Neocortex Residuals","Sociality","Neuroanatomy","brain region relative","Broadsociality","Inter","Unknown","f",NA,19,"Inter_species_level",NA,"no",NA,NA,NA,NA,NA,NA,NA,NA,NA,NA,12.39,NA,1,17,NA,NA,NA,NA,"BOTH",NA,NA,"paper83","study85","es433","table","213","3",NA,0.649285733135118,0.95,0.278858515506158,0.813460471942937,NA,NA,NA,NA,NA,NA,NA,NA,NA,NA,NA,NA,NA,NA,NA,NA,0.774062873367279,0.25,0.0625
"Shultz & Dunbar","Both social and ecological factors predict ungulate brain size",2006,"Proceedings of the Royal Society B: Biological Sciences","Liverpool, UK","Mammalia","Multiple","Multiple","Other","Mammalia","Neocortex Residuals","Group Size","Neuroanatomy","brain region relative","Groupsize","Inter","Unknown","f",NA,19,"Inter_species_level",NA,"no",NA,NA,NA,NA,NA,NA,NA,NA,NA,NA,1.56,NA,1,18,NA,NA,NA,NA,"BOTH",NA,NA,"paper83","study85","es434","table","213","3",NA,0.282408571447458,0.95,-0.178329696699156,0.606205825756702,NA,NA,NA,NA,NA,NA,NA,NA,NA,NA,NA,NA,NA,NA,NA,NA,0.290297459557116,0.25,0.0625
"Shultz & Dunbar","The evolution of the social brain: anthropoid primates contrast with other vertebrates",2007,"Proceedings of the Royal Society B: Biological Sciences","Liverpool, UK","Mammalia","Primates","Multiple","Primates","Mammalia","Relative Brain Size","Group Size","Neuroanatomy","brain size relative","Groupsize","Inter","Unknown","f",NA,45,"Inter_species_level",NA,"no",NA,NA,NA,NA,NA,NA,NA,NA,NA,NA,8.14,NA,1,40,NA,NA,NA,NA,"BOTH",NA,NA,"paper110","study112","es605","text","2432",NA,NA,0.411205731621437,0.95,0.122433185482237,0.611946010474433,NA,NA,NA,NA,NA,NA,NA,NA,NA,NA,NA,NA,NA,NA,NA,NA,0.437061456905764,0.154303349962092,0.0238095238095238
"Shultz & Dunbar","The evolution of the social brain: anthropoid primates contrast with other vertebrates",2007,"Proceedings of the Royal Society B: Biological Sciences","Liverpool, UK","Mammalia","Carnivora","Multiple","Other","Mammalia","Relative Brain Size","Group Size","Neuroanatomy","brain size relative","Groupsize","Inter","Unknown","f",NA,86,"Inter_species_level",NA,"no",NA,NA,NA,NA,NA,NA,NA,NA,NA,NA,0.07,NA,1,84,NA,NA,NA,NA,"BOTH",NA,NA,"paper110","study112","es606","text","2432",NA,NA,0.0288554928412381,0.95,-0.182019931854554,0.235830891640227,NA,NA,NA,NA,NA,NA,NA,NA,NA,NA,NA,NA,NA,NA,NA,NA,0.028863505585383,0.10976425998969,0.0120481927710843
"Shultz & Dunbar","The evolution of the social brain: anthropoid primates contrast with other vertebrates",2007,"Proceedings of the Royal Society B: Biological Sciences","Liverpool, UK","Mammalia","Artiodactyla","Multiple","Other","Mammalia","Relative Brain Size","Group Size","Neuroanatomy","brain size relative","Groupsize","Inter","Unknown","f",NA,69,"Inter_species_level",NA,"no",NA,NA,NA,NA,NA,NA,NA,NA,NA,NA,0.3,NA,1,67,NA,NA,NA,NA,"BOTH",NA,NA,"paper110","study112","es607","text","2432",NA,NA,0.066765652120835,0.95,-0.170514060727297,0.292940184575043,NA,NA,NA,NA,NA,NA,NA,NA,NA,NA,NA,NA,NA,NA,NA,NA,0.0668651243251639,0.123091490979333,0.0151515151515152
"Todorov et al","Primate hippocampus size and organization are predicted by sociality but not diet",2019,"Proceedings of the Royal Society B: Biological Sciences","Queensland, Australia","Mammalia","Primates","Multiple","Primates","Mammalia","Hippocampus Volume","Group Size","Neuroanatomy","brain region relative","Groupsize","Inter","Unknown","f",NA,35,"Inter_species_level",NA,"no",NA,NA,NA,NA,NA,NA,NA,NA,NA,NA,16.6011,NA,1,30,NA,NA,NA,NA,"WOS",NA,NA,"paper90","study92","es474","supplementary data",NA,NA,NA,0.596857078416261,0.95,0.317696166454265,0.752603299474533,NA,NA,NA,NA,NA,NA,NA,NA,NA,NA,NA,NA,NA,NA,NA,NA,0.688250753607904,0.176776695296637,0.03125
"Todorov et al","Primate hippocampus size and organization are predicted by sociality but not diet",2019,"Proceedings of the Royal Society B: Biological Sciences","Queensland, Australia","Mammalia","Primates","Multiple","Primates","Mammalia","Dentate Gyrus","Group Size","Neuroanatomy","brain region relative","Groupsize","Inter","Unknown","f",NA,35,"Inter_species_level",NA,"no",NA,NA,NA,NA,NA,NA,NA,NA,NA,NA,15.4301,NA,1,30,NA,NA,NA,NA,"WOS",NA,NA,"paper90","study92","es475","supplementary data",NA,NA,NA,0.582790580745991,0.95,0.297424619425871,0.74393711284625,NA,NA,NA,NA,NA,NA,NA,NA,NA,NA,NA,NA,NA,NA,NA,NA,0.666678229152031,0.176776695296637,0.03125
"Todorov et al","Primate hippocampus size and organization are predicted by sociality but not diet",2019,"Proceedings of the Royal Society B: Biological Sciences","Queensland, Australia","Mammalia","Primates","Multiple","Primates","Mammalia","Hilus","Group Size","Neuroanatomy","brain region relative","Groupsize","Inter","Unknown","f",NA,35,"Inter_species_level",NA,"no",NA,NA,NA,NA,NA,NA,NA,NA,NA,NA,3.9328,NA,1,30,NA,NA,NA,NA,"WOS",NA,NA,"paper90","study92","es476","supplementary data",NA,NA,NA,0.340440392000523,0.95,-0.0100421209272316,0.588833665304309,NA,NA,NA,NA,NA,NA,NA,NA,NA,NA,NA,NA,NA,NA,NA,NA,0.354590569000804,0.176776695296637,0.03125
"Todorov et al","Primate hippocampus size and organization are predicted by sociality but not diet",2019,"Proceedings of the Royal Society B: Biological Sciences","Queensland, Australia","Mammalia","Primates","Multiple","Primates","Mammalia","CA1","Group Size","Neuroanatomy","brain region relative","Groupsize","Inter","Unknown","f",NA,35,"Inter_species_level",NA,"no",NA,NA,NA,NA,NA,NA,NA,NA,NA,NA,13.464,NA,1,30,NA,NA,NA,NA,"WOS",NA,NA,"paper90","study92","es477","supplementary data",NA,NA,NA,0.556573091105457,0.95,0.260394149308959,0.727714551618672,NA,NA,NA,NA,NA,NA,NA,NA,NA,NA,NA,NA,NA,NA,NA,NA,0.627854482219164,0.176776695296637,0.03125
"Todorov et al","Primate hippocampus size and organization are predicted by sociality but not diet",2019,"Proceedings of the Royal Society B: Biological Sciences","Queensland, Australia","Mammalia","Primates","Multiple","Primates","Mammalia","CA2","Group Size","Neuroanatomy","brain region relative","Groupsize","Inter","Unknown","f",NA,35,"Inter_species_level",NA,"no",NA,NA,NA,NA,NA,NA,NA,NA,NA,NA,19.5678,NA,1,30,NA,NA,NA,NA,"WOS",NA,NA,"paper90","study92","es478","supplementary data",NA,NA,NA,0.628305958795718,0.95,0.364046623697654,0.771896090078472,NA,NA,NA,NA,NA,NA,NA,NA,NA,NA,NA,NA,NA,NA,NA,NA,0.738612209152394,0.176776695296637,0.03125
"Todorov et al","Primate hippocampus size and organization are predicted by sociality but not diet",2019,"Proceedings of the Royal Society B: Biological Sciences","Queensland, Australia","Mammalia","Primates","Multiple","Primates","Mammalia","CA3","Group Size","Neuroanatomy","brain region relative","Groupsize","Inter","Unknown","f",NA,35,"Inter_species_level",NA,"no",NA,NA,NA,NA,NA,NA,NA,NA,NA,NA,20.2573,NA,1,30,NA,NA,NA,NA,"WOS",NA,NA,"paper90","study92","es479","supplementary data",NA,NA,NA,0.63487935275571,0.95,0.373915028570887,0.775915880609303,NA,NA,NA,NA,NA,NA,NA,NA,NA,NA,NA,NA,NA,NA,NA,NA,0.749548225441933,0.176776695296637,0.03125
"Todorov et al","Primate hippocampus size and organization are predicted by sociality but not diet",2019,"Proceedings of the Royal Society B: Biological Sciences","Queensland, Australia","Mammalia","Primates","Multiple","Primates","Mammalia","Subiculum","Group Size","Neuroanatomy","brain region relative","Groupsize","Inter","Unknown","f",NA,35,"Inter_species_level",NA,"no",NA,NA,NA,NA,NA,NA,NA,NA,NA,NA,4.7463,NA,1,30,NA,NA,NA,NA,"WOS",NA,NA,"paper90","study92","es480","supplementary data",NA,NA,NA,0.369592636541495,0.95,0.0230746152698429,0.60824598508098,NA,NA,NA,NA,NA,NA,NA,NA,NA,NA,NA,NA,NA,NA,NA,NA,0.387951204963746,0.176776695296637,0.03125
"Todorov et al","Primate hippocampus size and organization are predicted by sociality but not diet",2019,"Proceedings of the Royal Society B: Biological Sciences","Queensland, Australia","Mammalia","Primates","Multiple","Primates","Mammalia","Hippocampal Praecommissuralis plus Hippcampus Supracommissuralis plusfibres of the Fimbria/Fornix complex","Group Size","Neuroanatomy","brain region relative","Groupsize","Inter","Unknown","f",NA,35,"Inter_species_level",NA,"no",NA,NA,NA,NA,NA,NA,NA,NA,NA,NA,10.5834,NA,1,30,NA,NA,NA,NA,"WOS",NA,NA,"paper90","study92","es481","supplementary data",NA,NA,NA,0.510667701931795,0.95,0.197873723032748,0.699054134447419,NA,NA,NA,NA,NA,NA,NA,NA,NA,NA,NA,NA,NA,NA,NA,NA,0.563632606971677,0.176776695296637,0.03125
"Todorov et al","Primate hippocampus size and organization are predicted by sociality but not diet",2019,"Proceedings of the Royal Society B: Biological Sciences","Queensland, Australia","Mammalia","Primates","Multiple","Primates","Mammalia","Retrohippocampus","Group Size","Neuroanatomy","brain region relative","Groupsize","Inter","Unknown","f",NA,35,"Inter_species_level",NA,"no",NA,NA,NA,NA,NA,NA,NA,NA,NA,NA,15.237,NA,1,30,NA,NA,NA,NA,"WOS",NA,NA,"paper90","study92","es482","supplementary data",NA,NA,NA,0.580367167810841,0.95,0.293960750505285,0.742441538844369,NA,NA,NA,NA,NA,NA,NA,NA,NA,NA,NA,NA,NA,NA,NA,NA,0.663016181926948,0.176776695296637,0.03125
"Todorov et al","Primate hippocampus size and organization are predicted by sociality but not diet",2019,"Proceedings of the Royal Society B: Biological Sciences","Queensland, Australia","Mammalia","Primates","Multiple","Primates","Mammalia","Hippocampus Volume","Female Group Size","Neuroanatomy","brain region relative","Groupsize","Inter","Unknown","f",NA,25,"Inter_species_level",NA,"no",NA,NA,NA,NA,NA,NA,NA,NA,NA,NA,12.6855,NA,1,20,NA,NA,NA,NA,"WOS",NA,NA,"paper90","study92","es483","supplementary data",NA,NA,NA,0.622983046784869,0.95,0.275545369898525,0.790575777214793,NA,NA,NA,NA,NA,NA,NA,NA,NA,NA,NA,NA,NA,NA,NA,NA,0.729865483339394,0.21320071635561,0.0454545454545454
"Todorov et al","Primate hippocampus size and organization are predicted by sociality but not diet",2019,"Proceedings of the Royal Society B: Biological Sciences","Queensland, Australia","Mammalia","Primates","Multiple","Primates","Mammalia","Dentate Gyrus","Female Group Size","Neuroanatomy","brain region relative","Groupsize","Inter","Unknown","f",NA,25,"Inter_species_level",NA,"no",NA,NA,NA,NA,NA,NA,NA,NA,NA,NA,12.6098,NA,1,20,NA,NA,NA,NA,"WOS",NA,NA,"paper90","study92","es484","supplementary data",NA,NA,NA,0.62184197149982,0.95,0.273758087140758,0.78994882134048,NA,NA,NA,NA,NA,NA,NA,NA,NA,NA,NA,NA,NA,NA,NA,NA,0.728002814341794,0.21320071635561,0.0454545454545454
"Todorov et al","Primate hippocampus size and organization are predicted by sociality but not diet",2019,"Proceedings of the Royal Society B: Biological Sciences","Queensland, Australia","Mammalia","Primates","Multiple","Primates","Mammalia","Hilus","Female Group Size","Neuroanatomy","brain region relative","Groupsize","Inter","Unknown","f",NA,25,"Inter_species_level",NA,"no",NA,NA,NA,NA,NA,NA,NA,NA,NA,NA,3.0254,NA,1,20,NA,NA,NA,NA,"WOS",NA,NA,"paper90","study92","es485","supplementary data",NA,NA,NA,0.362483138543173,0.95,-0.0697252798949083,0.642635490804793,NA,NA,NA,NA,NA,NA,NA,NA,NA,NA,NA,NA,NA,NA,NA,NA,0.37974171252641,0.21320071635561,0.0454545454545454
"Todorov et al","Primate hippocampus size and organization are predicted by sociality but not diet",2019,"Proceedings of the Royal Society B: Biological Sciences","Queensland, Australia","Mammalia","Primates","Multiple","Primates","Mammalia","CA1","Female Group Size","Neuroanatomy","brain region relative","Groupsize","Inter","Unknown","f",NA,25,"Inter_species_level",NA,"no",NA,NA,NA,NA,NA,NA,NA,NA,NA,NA,6.3002,NA,1,20,NA,NA,NA,NA,"WOS",NA,NA,"paper90","study92","es486","supplementary data",NA,NA,NA,0.489437952277107,0.95,0.0838080654097673,0.71622651545958,NA,NA,NA,NA,NA,NA,NA,NA,NA,NA,NA,NA,NA,NA,NA,NA,0.535320970639493,0.21320071635561,0.0454545454545454
"Todorov et al","Primate hippocampus size and organization are predicted by sociality but not diet",2019,"Proceedings of the Royal Society B: Biological Sciences","Queensland, Australia","Mammalia","Primates","Multiple","Primates","Mammalia","CA2","Female Group Size","Neuroanatomy","brain region relative","Groupsize","Inter","Unknown","f",NA,25,"Inter_species_level",NA,"no",NA,NA,NA,NA,NA,NA,NA,NA,NA,NA,13.2876,NA,1,20,NA,NA,NA,NA,"WOS",NA,NA,"paper90","study92","es487","supplementary data",NA,NA,NA,0.631803505069331,0.95,0.289452625072062,0.795418879961482,NA,NA,NA,NA,NA,NA,NA,NA,NA,NA,NA,NA,NA,NA,NA,NA,0.744412188843653,0.21320071635561,0.0454545454545454
"Todorov et al","Primate hippocampus size and organization are predicted by sociality but not diet",2019,"Proceedings of the Royal Society B: Biological Sciences","Queensland, Australia","Mammalia","Primates","Multiple","Primates","Mammalia","CA3","Female Group Size","Neuroanatomy","brain region relative","Groupsize","Inter","Unknown","f",NA,25,"Inter_species_level",NA,"no",NA,NA,NA,NA,NA,NA,NA,NA,NA,NA,17.3342,NA,1,20,NA,NA,NA,NA,"WOS",NA,NA,"paper90","study92","es488","supplementary data",NA,NA,NA,0.68139426929019,0.95,0.370707039141513,0.822563501392686,NA,NA,NA,NA,NA,NA,NA,NA,NA,NA,NA,NA,NA,NA,NA,NA,0.831712132961337,0.21320071635561,0.0454545454545454
"Todorov et al","Primate hippocampus size and organization are predicted by sociality but not diet",2019,"Proceedings of the Royal Society B: Biological Sciences","Queensland, Australia","Mammalia","Primates","Multiple","Primates","Mammalia","Subiculum","Female Group Size","Neuroanatomy","brain region relative","Groupsize","Inter","Unknown","f",NA,25,"Inter_species_level",NA,"no",NA,NA,NA,NA,NA,NA,NA,NA,NA,NA,5.9617,NA,1,20,NA,NA,NA,NA,"WOS",NA,NA,"paper90","study92","es489","supplementary data",NA,NA,NA,0.479201860404821,0.95,0.0704712792184982,0.710420100076512,NA,NA,NA,NA,NA,NA,NA,NA,NA,NA,NA,NA,NA,NA,NA,NA,0.521947709550076,0.21320071635561,0.0454545454545454
"Todorov et al","Primate hippocampus size and organization are predicted by sociality but not diet",2019,"Proceedings of the Royal Society B: Biological Sciences","Queensland, Australia","Mammalia","Primates","Multiple","Primates","Mammalia","Hippocampal Praecommissuralis plus Hippcampus Supracommissuralis plusfibres of the Fimbria/Fornix complex","Female Group Size","Neuroanatomy","brain region relative","Groupsize","Inter","Unknown","f",NA,25,"Inter_species_level",NA,"no",NA,NA,NA,NA,NA,NA,NA,NA,NA,NA,5.8008,NA,1,20,NA,NA,NA,NA,"WOS",NA,NA,"paper90","study92","es490","supplementary data",NA,NA,NA,0.474162670211482,0.95,0.0639714200508452,0.707554552437125,NA,NA,NA,NA,NA,NA,NA,NA,NA,NA,NA,NA,NA,NA,NA,NA,0.515426760209637,0.21320071635561,0.0454545454545454
"Todorov et al","Primate hippocampus size and organization are predicted by sociality but not diet",2019,"Proceedings of the Royal Society B: Biological Sciences","Queensland, Australia","Mammalia","Primates","Multiple","Primates","Mammalia","Retrohippocampus","Female Group Size","Neuroanatomy","brain region relative","Groupsize","Inter","Unknown","f",NA,25,"Inter_species_level",NA,"no",NA,NA,NA,NA,NA,NA,NA,NA,NA,NA,11.2107,NA,1,20,NA,NA,NA,NA,"WOS",NA,NA,"paper90","study92","es491","supplementary data",NA,NA,NA,0.599328059186696,0.95,0.239042530853204,0.777556805983558,NA,NA,NA,NA,NA,NA,NA,NA,NA,NA,NA,NA,NA,NA,NA,NA,0.692097933621221,0.21320071635561,0.0454545454545454
"Todorov et al","Primate hippocampus size and organization are predicted by sociality but not diet",2019,"Proceedings of the Royal Society B: Biological Sciences","Queensland, Australia","Mammalia","Primates","Multiple","Primates","Mammalia","Hippocampus Volume","Group Size","Neuroanatomy","brain region relative","Groupsize","Inter","Unknown","f",NA,34,"Inter_species_level",NA,"no",NA,NA,NA,NA,NA,NA,NA,NA,NA,NA,10.5401,NA,1,29,NA,NA,NA,NA,"WOS",NA,NA,"paper90","study92","es492","supplementary data",NA,NA,NA,0.516301615531963,0.95,0.19901967896471,0.704918359384497,NA,NA,NA,NA,NA,NA,NA,NA,NA,NA,NA,NA,NA,NA,NA,NA,0.571283980686313,0.179605302026775,0.032258064516129
"Todorov et al","Primate hippocampus size and organization are predicted by sociality but not diet",2019,"Proceedings of the Royal Society B: Biological Sciences","Queensland, Australia","Mammalia","Primates","Multiple","Primates","Mammalia","Dentate Gyrus","Group Size","Neuroanatomy","brain region relative","Groupsize","Inter","Unknown","f",NA,34,"Inter_species_level",NA,"no",NA,NA,NA,NA,NA,NA,NA,NA,NA,NA,15.3602,NA,1,29,NA,NA,NA,NA,"WOS",NA,NA,"paper90","study92","es493","supplementary data",NA,NA,NA,0.588439323479766,0.95,0.299447324485872,0.749373836738638,NA,NA,NA,NA,NA,NA,NA,NA,NA,NA,NA,NA,NA,NA,NA,NA,0.675275397155064,0.179605302026775,0.032258064516129
"Todorov et al","Primate hippocampus size and organization are predicted by sociality but not diet",2019,"Proceedings of the Royal Society B: Biological Sciences","Queensland, Australia","Mammalia","Primates","Multiple","Primates","Mammalia","Hilus","Group Size","Neuroanatomy","brain region relative","Groupsize","Inter","Unknown","f",NA,34,"Inter_species_level",NA,"no",NA,NA,NA,NA,NA,NA,NA,NA,NA,NA,3.5809,NA,1,29,NA,NA,NA,NA,"WOS",NA,NA,"paper90","study92","es494","supplementary data",NA,NA,NA,0.33152368272135,0.95,-0.0263694681886549,0.58615816633588,NA,NA,NA,NA,NA,NA,NA,NA,NA,NA,NA,NA,NA,NA,NA,NA,0.344539111168755,0.179605302026775,0.032258064516129
"Todorov et al","Primate hippocampus size and organization are predicted by sociality but not diet",2019,"Proceedings of the Royal Society B: Biological Sciences","Queensland, Australia","Mammalia","Primates","Multiple","Primates","Mammalia","CA1","Group Size","Neuroanatomy","brain region relative","Groupsize","Inter","Unknown","f",NA,34,"Inter_species_level",NA,"no",NA,NA,NA,NA,NA,NA,NA,NA,NA,NA,9.9032,NA,1,29,NA,NA,NA,NA,"WOS",NA,NA,"paper90","study92","es495","supplementary data",NA,NA,NA,0.504539429769761,0.95,0.183346485620482,0.697589386021618,NA,NA,NA,NA,NA,NA,NA,NA,NA,NA,NA,NA,NA,NA,NA,NA,0.555377164366734,0.179605302026775,0.032258064516129
"Todorov et al","Primate hippocampus size and organization are predicted by sociality but not diet",2019,"Proceedings of the Royal Society B: Biological Sciences","Queensland, Australia","Mammalia","Primates","Multiple","Primates","Mammalia","CA2","Group Size","Neuroanatomy","brain region relative","Groupsize","Inter","Unknown","f",NA,34,"Inter_species_level",NA,"no",NA,NA,NA,NA,NA,NA,NA,NA,NA,NA,13.7035,NA,1,29,NA,NA,NA,NA,"WOS",NA,NA,"paper90","study92","es496","supplementary data",NA,NA,NA,0.566479262966739,0.95,0.268079352667284,0.73592212807818,NA,NA,NA,NA,NA,NA,NA,NA,NA,NA,NA,NA,NA,NA,NA,NA,0.642323120561047,0.179605302026775,0.032258064516129
"Todorov et al","Primate hippocampus size and organization are predicted by sociality but not diet",2019,"Proceedings of the Royal Society B: Biological Sciences","Queensland, Australia","Mammalia","Primates","Multiple","Primates","Mammalia","CA3","Group Size","Neuroanatomy","brain region relative","Groupsize","Inter","Unknown","f",NA,34,"Inter_species_level",NA,"no",NA,NA,NA,NA,NA,NA,NA,NA,NA,NA,12.3087,NA,1,29,NA,NA,NA,NA,"WOS",NA,NA,"paper90","study92","es497","supplementary data",NA,NA,NA,0.545865101257437,0.95,0.239272179310177,0.723233269906154,NA,NA,NA,NA,NA,NA,NA,NA,NA,NA,NA,NA,NA,NA,NA,NA,0.612472340507523,0.179605302026775,0.032258064516129
"Todorov et al","Primate hippocampus size and organization are predicted by sociality but not diet",2019,"Proceedings of the Royal Society B: Biological Sciences","Queensland, Australia","Mammalia","Primates","Multiple","Primates","Mammalia","Subiculum","Group Size","Neuroanatomy","brain region relative","Groupsize","Inter","Unknown","f",NA,34,"Inter_species_level",NA,"no",NA,NA,NA,NA,NA,NA,NA,NA,NA,NA,3.417,NA,1,29,NA,NA,NA,NA,"WOS",NA,NA,"paper90","study92","es498","supplementary data",NA,NA,NA,0.324665453161466,0.95,-0.0339411148529353,0.581571268507377,NA,NA,NA,NA,NA,NA,NA,NA,NA,NA,NA,NA,NA,NA,NA,NA,0.33685351266138,0.179605302026775,0.032258064516129
"Todorov et al","Primate hippocampus size and organization are predicted by sociality but not diet",2019,"Proceedings of the Royal Society B: Biological Sciences","Queensland, Australia","Mammalia","Primates","Multiple","Primates","Mammalia","Hippocampal Praecommissuralis plus Hippcampus Supracommissuralis plusfibres of the Fimbria/Fornix complex","Group Size","Neuroanatomy","brain region relative","Groupsize","Inter","Unknown","f",NA,34,"Inter_species_level",NA,"no",NA,NA,NA,NA,NA,NA,NA,NA,NA,NA,3.7948,NA,1,29,NA,NA,NA,NA,"WOS",NA,NA,"paper90","study92","es499","supplementary data",NA,NA,NA,0.34016682196993,0.95,-0.016752757753792,0.591917569523161,NA,NA,NA,NA,NA,NA,NA,NA,NA,NA,NA,NA,NA,NA,NA,NA,0.354281168346497,0.179605302026775,0.032258064516129
"Todorov et al","Primate hippocampus size and organization are predicted by sociality but not diet",2019,"Proceedings of the Royal Society B: Biological Sciences","Queensland, Australia","Mammalia","Primates","Multiple","Primates","Mammalia","Retrohippocampus","Group Size","Neuroanatomy","brain region relative","Groupsize","Inter","Unknown","f",NA,34,"Inter_species_level",NA,"no",NA,NA,NA,NA,NA,NA,NA,NA,NA,NA,11.6778,NA,1,29,NA,NA,NA,NA,"WOS",NA,NA,"paper90","study92","es500","supplementary data",NA,NA,NA,0.535798863609338,0.95,0.225427111374015,0.717013397433576,NA,NA,NA,NA,NA,NA,NA,NA,NA,NA,NA,NA,NA,NA,NA,NA,0.598244007531103,0.179605302026775,0.032258064516129
"Todorov et al","Primate hippocampus size and organization are predicted by sociality but not diet",2019,"Proceedings of the Royal Society B: Biological Sciences","Queensland, Australia","Mammalia","Primates","Multiple","Primates","Mammalia","Hippocampus Volume","Social Group Size","Neuroanatomy","brain region relative","Groupsize","Inter","Unknown","f",NA,33,"Inter_species_level",NA,"no",NA,NA,NA,NA,NA,NA,NA,NA,NA,NA,17.4642,NA,1,28,NA,NA,NA,NA,"WOS",NA,NA,"paper90","study92","es501","supplementary data",NA,NA,NA,0.619782873767762,0.95,0.339195988552988,0.7703401042138,NA,NA,NA,NA,NA,NA,NA,NA,NA,NA,NA,NA,NA,NA,NA,NA,0.724652458170712,0.182574185835055,0.0333333333333333
"Todorov et al","Primate hippocampus size and organization are predicted by sociality but not diet",2019,"Proceedings of the Royal Society B: Biological Sciences","Queensland, Australia","Mammalia","Primates","Multiple","Primates","Mammalia","Dentate Gyrus","Social Group Size","Neuroanatomy","brain region relative","Groupsize","Inter","Unknown","f",NA,33,"Inter_species_level",NA,"no",NA,NA,NA,NA,NA,NA,NA,NA,NA,NA,16.2522,NA,1,28,NA,NA,NA,NA,"WOS",NA,NA,"paper90","study92","es502","supplementary data",NA,NA,NA,0.606022356455613,0.95,0.318729622096102,0.762042361973189,NA,NA,NA,NA,NA,NA,NA,NA,NA,NA,NA,NA,NA,NA,NA,NA,0.702610824788745,0.182574185835055,0.0333333333333333
"Todorov et al","Primate hippocampus size and organization are predicted by sociality but not diet",2019,"Proceedings of the Royal Society B: Biological Sciences","Queensland, Australia","Mammalia","Primates","Multiple","Primates","Mammalia","Hilus","Social Group Size","Neuroanatomy","brain region relative","Groupsize","Inter","Unknown","f",NA,33,"Inter_species_level",NA,"no",NA,NA,NA,NA,NA,NA,NA,NA,NA,NA,2.8772,NA,1,28,NA,NA,NA,NA,"WOS",NA,NA,"paper90","study92","es503","supplementary data",NA,NA,NA,0.30525730831024,0.95,-0.0617496319482384,0.572114383117989,NA,NA,NA,NA,NA,NA,NA,NA,NA,NA,NA,NA,NA,NA,NA,NA,0.315306961105516,0.182574185835055,0.0333333333333333
"Todorov et al","Primate hippocampus size and organization are predicted by sociality but not diet",2019,"Proceedings of the Royal Society B: Biological Sciences","Queensland, Australia","Mammalia","Primates","Multiple","Primates","Mammalia","CA1","Social Group Size","Neuroanatomy","brain region relative","Groupsize","Inter","Unknown","f",NA,33,"Inter_species_level",NA,"no",NA,NA,NA,NA,NA,NA,NA,NA,NA,NA,14.6615,NA,1,28,NA,NA,NA,NA,"WOS",NA,NA,"paper90","study92","es504","supplementary data",NA,NA,NA,0.586234187507302,0.95,0.289805003691729,0.750073092738168,NA,NA,NA,NA,NA,NA,NA,NA,NA,NA,NA,NA,NA,NA,NA,NA,0.671908953519192,0.182574185835055,0.0333333333333333
"Todorov et al","Primate hippocampus size and organization are predicted by sociality but not diet",2019,"Proceedings of the Royal Society B: Biological Sciences","Queensland, Australia","Mammalia","Primates","Multiple","Primates","Mammalia","CA2","Social Group Size","Neuroanatomy","brain region relative","Groupsize","Inter","Unknown","f",NA,33,"Inter_species_level",NA,"no",NA,NA,NA,NA,NA,NA,NA,NA,NA,NA,25.4058,NA,1,28,NA,NA,NA,NA,"WOS",NA,NA,"paper90","study92","es505","supplementary data",NA,NA,NA,0.689719055709909,0.95,0.447712429334481,0.812265382527227,NA,NA,NA,NA,NA,NA,NA,NA,NA,NA,NA,NA,NA,NA,NA,NA,0.847419697953333,0.182574185835055,0.0333333333333333
"Todorov et al","Primate hippocampus size and organization are predicted by sociality but not diet",2019,"Proceedings of the Royal Society B: Biological Sciences","Queensland, Australia","Mammalia","Primates","Multiple","Primates","Mammalia","CA3","Social Group Size","Neuroanatomy","brain region relative","Groupsize","Inter","Unknown","f",NA,33,"Inter_species_level",NA,"no",NA,NA,NA,NA,NA,NA,NA,NA,NA,NA,31.0761,NA,1,28,NA,NA,NA,NA,"WOS",NA,NA,"paper90","study92","es506","supplementary data",NA,NA,NA,0.725282747105519,0.95,0.505753932022903,0.833485457557112,NA,NA,NA,NA,NA,NA,NA,NA,NA,NA,NA,NA,NA,NA,NA,NA,0.918701914977946,0.182574185835055,0.0333333333333333
"Todorov et al","Primate hippocampus size and organization are predicted by sociality but not diet",2019,"Proceedings of the Royal Society B: Biological Sciences","Queensland, Australia","Mammalia","Primates","Multiple","Primates","Mammalia","Subiculum","Social Group Size","Neuroanatomy","brain region relative","Groupsize","Inter","Unknown","f",NA,33,"Inter_species_level",NA,"no",NA,NA,NA,NA,NA,NA,NA,NA,NA,NA,7.0931,NA,1,28,NA,NA,NA,NA,"WOS",NA,NA,"paper90","study92","es507","supplementary data",NA,NA,NA,0.449580198114788,0.95,0.105772087548987,0.665776108391615,NA,NA,NA,NA,NA,NA,NA,NA,NA,NA,NA,NA,NA,NA,NA,NA,0.484174005860083,0.182574185835055,0.0333333333333333
"Todorov et al","Primate hippocampus size and organization are predicted by sociality but not diet",2019,"Proceedings of the Royal Society B: Biological Sciences","Queensland, Australia","Mammalia","Primates","Multiple","Primates","Mammalia","Hippocampal Praecommissuralis plus Hippcampus Supracommissuralis plusfibres of the Fimbria/Fornix complex","Social Group Size","Neuroanatomy","brain region relative","Groupsize","Inter","Unknown","f",NA,33,"Inter_species_level",NA,"no",NA,NA,NA,NA,NA,NA,NA,NA,NA,NA,6.2966,NA,1,28,NA,NA,NA,NA,"WOS",NA,NA,"paper90","study92","es508","supplementary data",NA,NA,NA,0.428477003701512,0.95,0.0796669733977613,0.652429649263642,NA,NA,NA,NA,NA,NA,NA,NA,NA,NA,NA,NA,NA,NA,NA,NA,0.458029701204769,0.182574185835055,0.0333333333333333
"Todorov et al","Primate hippocampus size and organization are predicted by sociality but not diet",2019,"Proceedings of the Royal Society B: Biological Sciences","Queensland, Australia","Mammalia","Primates","Multiple","Primates","Mammalia","Retrohippocampus","Social Group Size","Neuroanatomy","brain region relative","Groupsize","Inter","Unknown","f",NA,33,"Inter_species_level",NA,"no",NA,NA,NA,NA,NA,NA,NA,NA,NA,NA,17.5938,NA,1,28,NA,NA,NA,NA,"WOS",NA,NA,"paper90","study92","es509","supplementary data",NA,NA,NA,0.621193539648462,0.95,0.341310544143926,0.771189656591183,NA,NA,NA,NA,NA,NA,NA,NA,NA,NA,NA,NA,NA,NA,NA,NA,0.726946246938944,0.182574185835055,0.0333333333333333
"Weisbecker et al","The Evolution of Relative Brain Size in Marsupials Is Energetically Constrained but Not Driven by Behavioral Complexity",2015,"Brain, Behavior and Evolution","Queensland, Australia","Mammalia","Diprotodontia","Multiple","Other","Mammalia","Relative Brain Size","Sociality","Neuroanatomy","brain size relative","Broadsociality","Inter","Unknown","f",NA,62,"Inter_species_level",NA,"yes",NA,NA,NA,NA,NA,NA,NA,NA,NA,NA,0.293,NA,1,56,NA,NA,NA,NA,"BOTH",NA,NA,"paper93","study95","es541","supplementary table",NA,NA,NA,-0.0721450623697627,0.95,-0.186888055169846,0.317022222870271,NA,NA,NA,NA,NA,NA,NA,NA,NA,NA,NA,NA,NA,NA,NA,NA,-0.0722706242460444,0.130188910980824,0.0169491525423729
"Weisbecker et al","The Evolution of Relative Brain Size in Marsupials Is Energetically Constrained but Not Driven by Behavioral Complexity",2015,"Brain, Behavior and Evolution","Queensland, Australia","Mammalia","Diprotodontia","Multiple","Other","Mammalia","Relative Brain Size","Population Density","Neuroanatomy","brain size relative","Groupsize","Inter","Unknown","f",NA,62,"Inter_species_level",NA,"yes",NA,NA,NA,NA,NA,NA,NA,NA,NA,NA,0.017,NA,1,56,NA,NA,NA,NA,"BOTH",NA,NA,"paper93","study95","es542","supplementary table",NA,NA,NA,-0.0174206573046629,0.95,-0.237582181078619,0.268983871458593,NA,NA,NA,NA,NA,NA,NA,NA,NA,NA,NA,NA,NA,NA,NA,NA,-0.0174224198952534,0.130188910980824,0.0169491525423729
"Burish et al","Brain architecture and social complexity in modern and ancient birds",2004,"Brain, Behavior and Evolution","New Jersey, USA","Aves","Multiple","Multiple","Other","Aves","Telencephalon volume relative to body weight","Social Complexity","Neuroanatomy","brain region relative","Broadsociality","Inter","Unknown","mean",NA,154,"Inter_species_level",NA,"no",42,112,0.23,0.21,-0.09,0.2,"sd",NA,NA,NA,NA,NA,NA,NA,NA,NA,NA,NA,"BOTH",NA,NA,"paper99","study101","es557","text","113",NA,NA,0.575068791604611,NA,NA,NA,0.21,0.2,"",124.491068550549,154,0.0896253578439013,0.00803270476864735,0.445763757853234,0.680865609148547,0.65506346714551,0.479400993669949,0.830725940621071,"r",NA,NA,NA,0.65506346714551,0.0813788458771159,0.00662251655629139
"De Meester et al","Brain size, ecology and sociality: a reptilian perspective",2019,"Biological Journal of the Linnean Society","Wilrijk, Belgium","Reptilia","Squamata","Multiple","Other","Other","Relative Brain Size","Sociality","Neuroanatomy","brain size relative","Broadsociality","Inter","Unknown","mean",NA,68,"Inter_species_level",NA,"no",24,44,0.022916667,0.081649658,0.13,0.0967348897186994,"sd",NA,NA,NA,NA,NA,NA,NA,NA,NA,NA,NA,"WOS",NA,NA,"paper18","study19","es76","figure","387","8","paper18_study19_es76_8",-0.487066114974162,NA,NA,NA,0.081649658,0.0967348897186994,"",59.8485495314764,68,0.129262688742443,0.0167088427009257,-0.655884685002872,-0.271846424905676,-0.532206724842599,-0.785556939322598,-0.2788565103626,"r",NA,NA,NA,-0.532206724842599,0.124034734589208,0.0153846153846154
"Kaplan","Play behaviour, not tool using, relates to brain mass in a sample of birds",2020,"Scientific Reports","New South Wales, Australia","Aves","Multiple","Multiple","Other","Aves","Relative Brain Size","Social/Non-social play","Neuroanatomy","brain size relative","Socialinteraction","Inter","Unknown","mean",NA,35,"Inter_species_level",NA,"no",19,16,0.3175,0.0762807315119619,0.195,0.0899999999999999,NA,NA,NA,NA,NA,NA,NA,NA,NA,NA,NA,NA,"WOS",NA,NA,"paper35","study36","es181","figure","5","4","paper35_study36_es181_4",NA,NA,NA,NA,NA,NA,NA,NA,NA,NA,NA,NA,NA,NA,NA,NA,NA,3,NA,NA,NA,0.176776695296637,0.03125
"Shultz & Dunbar","Social bonds in birds are associated with brain size and contingent on the correlated evolution of life-history and increased parental investment",2010,"Proceedings of the National Academy of Sciences of the United States of America","Oxford, UK","Aves","Multiple","Multiple","Other","Aves","Relative Brain Size","Foraging Group Stability","Neuroanatomy","brain size relative","Socialinteraction","Inter","Unknown","mean",NA,65,"Inter_species_level",NA,"no",24,41,0.223529411764706,0.410649750996005,-0.252941176470588,0.451985240289379,"sd",NA,NA,NA,NA,NA,NA,NA,NA,NA,NA,NA,"SCOPUS",NA,NA,"paper109","study111","es604","figure","116","1a","paper109_study111_es604_1a",0.465366255266103,NA,NA,NA,0.410649750996005,0.451985240289379,"",58.1069286057032,65,0.13118556191215,0.0172096516542065,0.242115671034209,0.64181750530988,0.50413928531238,0.247020308672917,0.761258261951844,"r",NA,NA,NA,0.50413928531238,0.12700012700019,0.0161290322580645
"Shultz & Dunbar","Social bonds in birds are associated with brain size and contingent on the correlated evolution of life-history and increased parental investment",2010,"Proceedings of the National Academy of Sciences of the United States of America","Oxford, UK","Aves","Multiple","Multiple","Other","Aves","Relative Telencephlon Size","Foraging Group Stability","Neuroanatomy","brain region relative","Socialinteraction","Inter","Unknown","mean",NA,65,"Inter_species_level",NA,"no",24,41,2.54716981132076,0.831902176794283,1.57358490566038,0.797370188057677,"sd",NA,NA,NA,NA,NA,NA,NA,NA,NA,NA,NA,"SCOPUS",NA,NA,"paper109","study111","es605","figure","116","1b","paper109_study111_es605_1b",0.501688543631888,NA,NA,NA,0.831902176794283,0.797370188057677,"",56.6424182697525,65,0.132870664407683,0.0176546134601391,0.283182222356356,0.670682063681479,0.551560076898072,0.291138360057105,0.811981793739038,"r",NA,NA,NA,0.551560076898072,0.12700012700019,0.0161290322580645
"Barton","Neocortex size and behavioural ecology in primates",1996,"Proceedings of the Royal Society B: Biological Sciences","Durham, UK","Mammalia","Primates","Multiple","Primates","Mammalia","Relative Neocortex Size","Group Size","Neuroanatomy","brain region relative","Groupsize","Inter","Unknown","r",NA,36,"Inter_species_level",0.48,"no",NA,NA,NA,NA,NA,NA,NA,NA,NA,NA,NA,NA,NA,NA,NA,NA,NA,NA,"SCOPUS",NA,NA,"paper09","study10","es61","text","174",NA,NA,0.48,NA,NA,NA,NA,NA,NA,NA,NA,NA,NA,NA,NA,NA,NA,NA,NA,NA,0.0169224045714286,NA,0.522984277591344,0.174077655955698,0.0303030303030303
"Barton","Neocortex size and behavioural ecology in primates",1996,"Proceedings of the Royal Society B: Biological Sciences","Durham, UK","Mammalia","Primates","Multiple (Haplorhines)","Primates","Mammalia","Relative Neocortex Size","Group Size","Neuroanatomy","brain region relative","Groupsize","Inter","Unknown","r",NA,25,"Inter_species_level",0.59,"no",NA,NA,NA,NA,NA,NA,NA,NA,NA,NA,NA,NA,NA,NA,NA,NA,NA,NA,"SCOPUS",NA,NA,"paper09","study10","es62","text","175",NA,NA,0.59,NA,NA,NA,NA,NA,NA,NA,NA,NA,NA,NA,NA,NA,NA,NA,NA,NA,0.01770723375,NA,0.677666067757962,0.21320071635561,0.0454545454545454
"Beauchamp & Fernández-Juricic","Is there a relationship between forebrain size and group size in birds?",2004,"Evolutionary Ecology Research","Québec, Canada","Aves","Multiple","Multiple","Other","Aves","Forebrain Size","Mean Flock Size","Neuroanatomy","brain region relative","Groupsize","Inter","Unknown","r",NA,140,"Inter_species_level",-0.0104139407175319,"no",NA,NA,NA,NA,NA,NA,NA,NA,NA,NA,NA,NA,NA,NA,NA,NA,NA,NA,"BOTH",NA,NA,"paper10","study11","es63","figure","837","1a","paper10_study11_es63_1a",-0.0104139407175319,NA,NA,NA,NA,NA,NA,NA,NA,NA,NA,NA,NA,NA,NA,NA,NA,NA,0.00719268425495612,NA,-0.0104143172065471,0.0854357657716761,0.0072992700729927
"Beauchamp & Fernández-Juricic","Is there a relationship between forebrain size and group size in birds?",2004,"Evolutionary Ecology Research","Québec, Canada","Aves","Multiple","Multiple","Other","Aves","Forebrain Size","Mean Flock Size","Neuroanatomy","brain region relative","Groupsize","Inter","Unknown","r",NA,55,"Inter_species_level",0.100897624242968,"no",NA,NA,NA,NA,NA,NA,NA,NA,NA,NA,NA,NA,NA,NA,NA,NA,NA,NA,"BOTH",NA,NA,"paper10","study11","es64","figure","837","1b","paper10_study11_es64_1b",0.100897624242968,NA,NA,NA,NA,NA,NA,NA,NA,NA,NA,NA,NA,NA,NA,NA,NA,NA,0.0181433884810171,NA,0.101242121350456,0.138675049056307,0.0192307692307692
"Beauchamp & Fernández-Juricic","Is there a relationship between forebrain size and group size in birds?",2004,"Evolutionary Ecology Research","Québec, Canada","Aves","Multiple","Multiple","Other","Aves","Forebrain Size","Mean Flock Size","Neuroanatomy","brain region relative","Groupsize","Inter","Unknown","r",NA,16,"Inter_species_level",-0.145937473609186,"no",NA,NA,NA,NA,NA,NA,NA,NA,NA,NA,NA,NA,NA,NA,NA,NA,NA,NA,"BOTH",NA,NA,"paper10","study11","es65","figure","837","1c","paper10_study11_es65_1c",-0.145937473609186,NA,NA,NA,NA,NA,NA,NA,NA,NA,NA,NA,NA,NA,NA,NA,NA,NA,0.0638572067724321,NA,-0.146986964106519,0.277350098112615,0.0769230769230769
"Devaine et al","Reading wild minds: A computational assay of Theory of Mind sophistication across seven primate species",2017,"PLoS Computational Biology","Paris, France","Mammalia","Primates","Multiple","Primates","Mammalia","Brain Size","Group Size","Neuroanatomy","brain size absolute","Groupsize","Inter","Captive","r",NA,7,"Inter_species_level",-0.37,"no",NA,NA,NA,NA,NA,NA,NA,NA,NA,NA,NA,NA,NA,NA,NA,NA,NA,NA,"WOS",NA,NA,"paper19","study20","es77","text","3",NA,NA,-0.37,NA,NA,NA,NA,NA,NA,NA,NA,NA,NA,NA,NA,NA,NA,NA,NA,NA,0.124156935,NA,-0.388423099718296,0.5,0.25
"Dunbar","Neocortex size and group size in primates: A test of the hypothesis",1995,"Journal of Human Evolution","London, UK","Mammalia","Primates","Multiple","Primates","Mammalia","Neocortex Ratio","Group Size","Neuroanatomy","brain region relative","Groupsize","Inter","Unknown","r",NA,12,"Inter_species_level",0.708,"no",NA,NA,NA,NA,NA,NA,NA,NA,NA,NA,NA,NA,NA,NA,NA,NA,NA,NA,"SCOPUS",NA,NA,"paper21","study22","es79","text","289",NA,NA,0.708,NA,NA,NA,NA,NA,NA,NA,NA,NA,NA,NA,NA,NA,NA,NA,NA,NA,0.0226125088814546,NA,0.883162286040117,0.333333333333333,0.111111111111111
"Graham","Coevolutionary relationship between striatum size and social play in nonhuman primates",2011,"American Journal of Primatology","Texas, USA","Mammalia","Primates","Multiple","Primates","Mammalia","Striatum Volume","Social vs Non-Social Play","Neuroanatomy","brain region relative","Socialinteraction","Inter","Unknown","r",NA,14,"Inter_species_level",0.495646110728804,"no",NA,NA,NA,NA,NA,NA,NA,NA,NA,NA,NA,NA,NA,NA,NA,NA,NA,NA,"SCOPUS",NA,NA,"paper31","study32","es166","figure","317","1","paper31_study32_es166_1",0.495646110728804,NA,NA,NA,NA,NA,NA,NA,NA,NA,NA,NA,NA,NA,NA,NA,NA,NA,0.043770860847887,NA,0.543517695313538,0.301511344577764,0.0909090909090909
"Iwaniuk & Arnold","Is cooperative breeding associated with bigger brains? A comparative test in the Corvida (Passeriformes)",2004,"Ethology","Victoria, Australia","Aves","Passeriformes","Multiple","Other","Aves","Relative Brain Size","Group Size","Neuroanatomy","brain size relative","Groupsize","Inter","Unknown","r",NA,40,"Inter_species_level",0.25,"no",NA,NA,NA,NA,NA,NA,NA,NA,NA,NA,NA,NA,NA,NA,NA,NA,NA,NA,"BOTH",NA,NA,"paper32","study33","es168","text","210",NA,NA,0.25,NA,NA,NA,NA,NA,NA,NA,NA,NA,NA,NA,NA,NA,NA,NA,NA,NA,0.0225360576923077,NA,0.255412811882995,0.164398987305357,0.027027027027027
"Lehmann & Dunbar","Network cohesion, group size and neocortex size in female-bonded Old World primates",2009,"Proceedings of the Royal Society B: Biological Sciences","London, UK","Mammalia","Primates","Multiple","Primates","Mammalia","Neocortex Ratio","Clan Size (%)","Neuroanatomy","brain region relative","Groupsize","Inter","Unknown","r",NA,11,"Inter_species_level",-0.822175941328114,"no",NA,NA,NA,NA,NA,NA,NA,NA,NA,NA,NA,NA,NA,NA,NA,NA,NA,NA,"BOTH",NA,NA,"paper46","study47","es267","figure","4421","3a","paper46_study47_es267_3a",-0.822175941328114,NA,NA,NA,NA,NA,NA,NA,NA,NA,NA,NA,NA,NA,NA,NA,NA,NA,0.0104993316246835,NA,-1.16349600553043,0.353553390593274,0.125
"Lehmann & Dunbar","Network cohesion, group size and neocortex size in female-bonded Old World primates",2009,"Proceedings of the Royal Society B: Biological Sciences","London, UK","Mammalia","Primates","Multiple","Primates","Mammalia","Neocortex Ratio","Membership (%)","Neuroanatomy","brain region relative","Socialinteraction","Inter","Unknown","r",NA,11,"Inter_species_level",-0.817154847820767,"no",NA,NA,NA,NA,NA,NA,NA,NA,NA,NA,NA,NA,NA,NA,NA,NA,NA,NA,"BOTH",NA,NA,"paper46","study47","es268","figure","4421","3b","paper46_study47_es268_3b",-0.817154847820767,NA,NA,NA,NA,NA,NA,NA,NA,NA,NA,NA,NA,NA,NA,NA,NA,NA,0.0110395348450143,NA,-1.14819382738604,0.353553390593274,0.125
"Lehmann & Dunbar","Network cohesion, group size and neocortex size in female-bonded Old World primates",2009,"Proceedings of the Royal Society B: Biological Sciences","London, UK","Mammalia","Primates","Multiple","Primates","Mammalia","Neocortex Ratio","Network density","Neuroanatomy","brain region relative","Socialinteraction","Inter","Unknown","r",NA,11,"Inter_species_level",-0.79598619100255,"no",NA,NA,NA,NA,NA,NA,NA,NA,NA,NA,NA,NA,NA,NA,NA,NA,NA,NA,"BOTH",NA,NA,"paper46","study47","es269","figure","4421","4a","paper46_study47_es269_4a",-0.79598619100255,NA,NA,NA,NA,NA,NA,NA,NA,NA,NA,NA,NA,NA,NA,NA,NA,NA,0.0134253344915532,NA,-1.08756093868199,0.353553390593274,0.125
"Lehmann & Dunbar","Network cohesion, group size and neocortex size in female-bonded Old World primates",2009,"Proceedings of the Royal Society B: Biological Sciences","London, UK","Mammalia","Primates","Multiple","Primates","Mammalia","Neocortex Ratio","Connectivity","Neuroanatomy","brain region relative","Socialinteraction","Inter","Unknown","r",NA,11,"Inter_species_level",-0.740711473455213,"no",NA,NA,NA,NA,NA,NA,NA,NA,NA,NA,NA,NA,NA,NA,NA,NA,NA,NA,"BOTH",NA,NA,"paper46","study47","es270","figure","4421","4b","paper46_study47_es270_4b",-0.740711473455213,NA,NA,NA,NA,NA,NA,NA,NA,NA,NA,NA,NA,NA,NA,NA,NA,NA,0.0203713674880133,NA,-0.952053878830995,0.353553390593274,0.125
"MacLean et al","Sociality, ecology, and relative brain size in lemurs",2009,"Journal of Human Evolution","North Carolina, USA","Mammalia","Primates","Multiple","Primates","Mammalia","Relative Brain Size","Group Size","Neuroanatomy","brain size relative","Groupsize","Inter","Unknown","r",NA,19,"Inter_species_level",-0.4228105,"no",NA,NA,NA,NA,NA,NA,NA,NA,NA,NA,NA,NA,NA,NA,NA,NA,NA,NA,"BOTH",NA,NA,"paper56","study57","es301","figure","474","2","paper56_study57_es301_2",-0.4228105,NA,NA,NA,NA,NA,NA,NA,NA,NA,NA,NA,NA,NA,NA,NA,NA,NA,0.0374678231689062,NA,-0.451109392197729,0.25,0.0625
"Navarrete et al","The coevolution of innovation and technical intelligence in primates",2016,"Philosophical Transactions of the Royal Society B-Biological Sciences","Fife, UK","Mammalia","Primates","Multiple","Primates","Mammalia","Technical innovation with extractive foraging","Social Group Size","Cognitive Ability","Cognitive Ability","Groupsize","Inter","Unknown","r",NA,71,"Inter_species_level",0.11,"no",NA,NA,NA,NA,NA,NA,NA,NA,NA,NA,NA,NA,NA,NA,NA,NA,NA,NA,"BOTH",NA,NA,"paper62","study64","es319","supplementary data",NA,NA,NA,0.11,NA,NA,NA,NA,NA,NA,NA,NA,NA,NA,NA,NA,NA,NA,NA,NA,NA,0.0139420915714286,NA,0.110446915790097,0.121267812518166,0.0147058823529412
"Navarrete et al","The coevolution of innovation and technical intelligence in primates",2016,"Philosophical Transactions of the Royal Society B-Biological Sciences","Fife, UK","Mammalia","Primates","Multiple","Primates","Mammalia","Non-technical innovation","Social Group Size","Cognitive Ability","Cognitive Ability","Groupsize","Inter","Unknown","r",NA,71,"Inter_species_level",0.19,"no",NA,NA,NA,NA,NA,NA,NA,NA,NA,NA,NA,NA,NA,NA,NA,NA,NA,NA,"BOTH",NA,NA,"paper62","study64","es320","supplementary data",NA,NA,NA,0.19,NA,NA,NA,NA,NA,NA,NA,NA,NA,NA,NA,NA,NA,NA,NA,NA,NA,0.013272903,NA,0.192337169219545,0.121267812518166,0.0147058823529412
"O'Donnell et al","Brain structure differences between solitary and social wasp species are independent of body size allometry",2019,"Journal of Comparative Neurology","Philadelphia, USA","Insecta","Hymenoptera","Multiple","Other","Other","Relative Brain Size","Sociality","Neuroanatomy","brain size relative","Broadsociality","Inter","Wild","r",NA,29,"Inter_species_level",0.21,"yes",NA,NA,NA,NA,NA,NA,NA,NA,NA,NA,NA,NA,NA,25,NA,NA,NA,NA,"WOS",NA,NA,"paper64","study66","es333","text","914",NA,NA,-0.21,NA,NA,NA,NA,NA,NA,NA,NA,NA,NA,NA,NA,NA,NA,NA,NA,NA,0.0326337432142857,NA,-0.21317134656486,0.196116135138184,0.0384615384615385
"O'Donnell et al","Brain structure differences between solitary and social wasp species are independent of body size allometry",2019,"Journal of Comparative Neurology","Philadelphia, USA","Insecta","Hymenoptera","Multiple","Other","Other","Relative Mushroom Body Size","Sociality","Neuroanatomy","brain region relative","Broadsociality","Inter","Wild","r",NA,29,"Inter_species_level",0.12,"yes",NA,NA,NA,NA,NA,NA,NA,NA,NA,NA,NA,NA,NA,NA,NA,NA,NA,NA,"WOS",NA,NA,"paper64","study66","es334","text","915",NA,NA,-0.12,NA,NA,NA,NA,NA,NA,NA,NA,NA,NA,NA,NA,NA,NA,NA,NA,NA,0.03469312,NA,-0.120581028408444,0.196116135138184,0.0384615384615385
"O'Donnell et al","Distributed cognition and social brains: reductions in mushroom body investment accompanied the origins of sociality in wasps (Hymenoptera: Vespidae)",2015,"Proceedings of the Royal Society B: Biological Sciences","Philadelphia, USA","Insecta","Hymenoptera","Multiple","Other","Other","Relative Mushroom Body Calyces","Colony Size","Neuroanatomy","brain region relative","Groupsize","Inter","Wild","r",1,29,"Inter_species_level",0.15,"yes",NA,NA,NA,NA,NA,NA,NA,NA,NA,NA,NA,NA,NA,NA,NA,NA,NA,NA,"WOS",NA,NA,"paper65","study67","es335","text","4",NA,NA,-0.15,NA,NA,NA,NA,NA,NA,NA,NA,NA,NA,NA,NA,NA,NA,NA,NA,NA,0.0341252232142857,NA,-0.151140435936467,0.196116135138184,0.0384615384615385
"Pasquaretta et al","Social networks in primates: smart and tolerant species have more efficient networks",2014,"Scientific Reports","Strasbourg, France","Mammalia","Primates","Multiple","Primates","Mammalia","Neocortex Ratio","Group Size","Neuroanatomy","brain region relative","Groupsize","Inter","Mixed","r",74,23,"Inter_species_level",-0.17,"no",NA,NA,NA,NA,NA,NA,NA,NA,NA,NA,NA,NA,NA,NA,NA,NA,NA,NA,"WOS",NA,NA,"paper67","study69","es357","text","4",NA,NA,-0.17,NA,NA,NA,NA,NA,NA,NA,NA,NA,NA,NA,NA,NA,NA,NA,NA,NA,0.0428652368181818,NA,-0.171666663500579,0.223606797749979,0.05
"Reader et al","The evolution of primate general and cultural intelligence",2011,"Philosophical Transactions of the Royal Society B-Biological Sciences","Utrecht, The Netherlands","Mammalia","Primates","Multiple","Primates","Mammalia","Innovation Rate","Group Size","Cognitive Ability","Cognitive Ability","Groupsize","Inter","Unknown","r",588,62,"Inter_species_level",0.12,"no",NA,NA,NA,NA,NA,NA,NA,NA,NA,NA,NA,NA,NA,NA,NA,NA,NA,NA,"WOS",NA,NA,"paper70","study72","es377","table","1019","3",NA,0.12,NA,NA,NA,NA,NA,NA,NA,NA,NA,NA,NA,NA,NA,NA,NA,NA,NA,0.0159247108196721,NA,0.120581028408444,0.130188910980824,0.0169491525423729
"Reader et al","The evolution of primate general and cultural intelligence",2011,"Philosophical Transactions of the Royal Society B-Biological Sciences","Utrecht, The Netherlands","Mammalia","Primates","Multiple","Primates","Mammalia","Rate of Social Learning","Group Size","Cognitive Ability","Cognitive Ability","Groupsize","Inter","Unknown","r",469,62,"Inter_species_level",0.12,"no",NA,NA,NA,NA,NA,NA,NA,NA,NA,NA,NA,NA,NA,NA,NA,NA,NA,NA,"WOS",NA,NA,"paper70","study72","es378","table","1019","3",NA,0.12,NA,NA,NA,NA,NA,NA,NA,NA,NA,NA,NA,NA,NA,NA,NA,NA,NA,0.0159247108196721,NA,0.120581028408444,0.130188910980824,0.0169491525423729
"Reader et al","The evolution of primate general and cultural intelligence",2011,"Philosophical Transactions of the Royal Society B-Biological Sciences","Utrecht, The Netherlands","Mammalia","Primates","Multiple","Primates","Mammalia","Rate of Tactical Deception","Group Size","Cognitive Ability","Cognitive Ability","Groupsize","Inter","Unknown","r",95,62,"Inter_species_level",0.3,"no",NA,NA,NA,NA,NA,NA,NA,NA,NA,NA,NA,NA,NA,NA,NA,NA,NA,NA,"WOS",NA,NA,"paper70","study72","es379","table","1019","3",NA,0.3,NA,NA,NA,NA,NA,NA,NA,NA,NA,NA,NA,NA,NA,NA,NA,NA,NA,0.0135754098360656,NA,0.309519604203112,0.130188910980824,0.0169491525423729
"Reader et al","The evolution of primate general and cultural intelligence",2011,"Philosophical Transactions of the Royal Society B-Biological Sciences","Utrecht, The Netherlands","Mammalia","Primates","Multiple","Primates","Mammalia","Rate of Tool Use","Group Size","Cognitive Ability","Cognitive Ability","Groupsize","Inter","Unknown","r",656,62,"Inter_species_level",-0.05,"no",NA,NA,NA,NA,NA,NA,NA,NA,NA,NA,NA,NA,NA,NA,NA,NA,NA,NA,"WOS",NA,NA,"paper70","study72","es380","table","1019","3",NA,-0.05,NA,NA,NA,NA,NA,NA,NA,NA,NA,NA,NA,NA,NA,NA,NA,NA,NA,0.0163115778688525,NA,-0.0500417292784913,0.130188910980824,0.0169491525423729
"Sandel et al","Assessing sources of error in comparative analyses of primate behavior: Intraspecific variation in group size and the social brain hypothesis",2016,"Journal of Human Evolution","Michigan, USA","Mammalia","Primates","Multiple","Primates","Mammalia","Neocortex Ratio","Group Size","Neuroanatomy","brain region relative","Groupsize","Inter","Unknown","r",NA,23,"Inter_species_level",0.747733151,"no",NA,NA,NA,NA,NA,NA,NA,NA,NA,NA,NA,NA,NA,NA,NA,NA,NA,NA,"BOTH",NA,NA,"paper79","study81","es423","figure",NA,"3","paper79_study81_es423_3",0.747733151,NA,NA,NA,NA,NA,NA,NA,NA,NA,NA,NA,NA,NA,NA,NA,NA,NA,0.00883584181702814,NA,0.967793716550704,0.223606797749979,0.05
"Schillaci","Primate mating systems and the evolution of neocortex size",2008,"Journal of Mammalogy","Ontario, Canada","Mammalia","Primates","Multiple","Primates","Mammalia","Neocortex Ratio","Social Group Size","Neuroanatomy","brain region relative","Groupsize","Inter","Unknown","r",NA,31,"Inter_species_level",-0.618598703,"no",NA,NA,NA,NA,NA,NA,NA,NA,NA,NA,NA,NA,NA,NA,NA,NA,NA,NA,"SCOPUS",NA,NA,"paper108","study110","es424","figure","60","1e","paper108_study110_es424_1e",-0.618598703,NA,NA,NA,NA,NA,NA,NA,NA,NA,NA,NA,NA,NA,NA,NA,NA,NA,0.0127034432717126,NA,-0.722731980980855,0.188982236504614,0.0357142857142857
"Schillaci","Primate mating systems and the evolution of neocortex size",2008,"Journal of Mammalogy","Ontario, Canada","Mammalia","Primates","Multiple","Primates","Mammalia","Neocortex Ratio","Clique Size","Neuroanatomy","brain region relative","Groupsize","Inter","Unknown","r",NA,31,"Inter_species_level",0.016406037,"no",NA,NA,NA,NA,NA,NA,NA,NA,NA,NA,NA,NA,NA,NA,NA,NA,NA,NA,"SCOPUS",NA,NA,"paper108","study110","es425","figure","60","1f","paper108_study110_es425_1f",0.016406037,NA,NA,NA,NA,NA,NA,NA,NA,NA,NA,NA,NA,NA,NA,NA,NA,NA,0.0333153918781988,NA,0.0164075091767322,0.188982236504614,0.0357142857142857
"Byrne & Corp","Neocortex size predicts deception rate in primates",2004,"Proceedings of the Royal Society B: Biological Sciences","Fife, UK","Mammalia","Primates","Multiple","Primates","Mammalia","Tactical Deception (corrected for observer effort)","Group Size","Cognitive Ability","Cognitive Ability","Groupsize","Inter","Wild","t",NA,18,"Inter_species_level",NA,"no",NA,NA,NA,NA,NA,NA,NA,NA,NA,NA,NA,0.4,1,16,NA,NA,NA,NA,"SCOPUS",NA,NA,"paper100","study102","es558","text","1696",NA,NA,0.0995037190209989,NA,NA,NA,NA,NA,NA,NA,NA,NA,NA,NA,NA,NA,NA,NA,NA,NA,0.0576644734945248,0.0995037190209989,0.0998340788992075,0.258198889747161,0.0666666666666667
"Byrne & Corp","Neocortex size predicts deception rate in primates",2004,"Proceedings of the Royal Society B: Biological Sciences","Fife, UK","Mammalia","Primates","Multiple","Primates","Mammalia","Tactical Deception (residuals)","Group Size","Cognitive Ability","Cognitive Ability","Groupsize","Inter","Wild","t",NA,18,"Inter_species_level",NA,"no",NA,NA,NA,NA,NA,NA,NA,NA,NA,NA,NA,-0.259,1,16,NA,NA,NA,NA,"SCOPUS",NA,NA,"paper100","study102","es559","text","1696",NA,NA,-0.06461469110896,NA,NA,NA,NA,NA,NA,NA,NA,NA,NA,NA,NA,NA,NA,NA,NA,NA,0.0583333714410385,-0.06461469110896,-0.0647048404117263,0.258198889747161,0.0666666666666667
"Cowl & Shultz","Large brains and groups associated with high rates of agonism in primates",2017,"Behavioral Ecology","Manchester, UK","Mammalia","Primates","Multiple","Primates","Mammalia","Endocranial Volume","Individual Rate of Agonism","Neuroanatomy","brain size absolute","Socialinteraction","Inter","Wild","t",NA,44,"Inter_species_level",NA,"no",NA,NA,NA,NA,NA,NA,NA,NA,NA,NA,NA,4.76923076923076,1,42,NA,NA,NA,NA,"BOTH",NA,NA,"paper101","study103","es560","table","806","1",NA,0.592711473551154,NA,NA,NA,NA,NA,NA,NA,NA,NA,NA,NA,NA,NA,NA,NA,NA,NA,0.00978611046094967,0.592711473551154,0.681835663795292,0.156173761888606,0.024390243902439
"Cowl & Shultz","Large brains and groups associated with high rates of agonism in primates",2017,"Behavioral Ecology","Manchester, UK","Mammalia","Primates","Multiple","Primates","Mammalia","Neocortex Ratio","Individual Rate of Agonism","Neuroanatomy","brain region relative","Socialinteraction","Inter","Wild","t",NA,24,"Inter_species_level",NA,"no",NA,NA,NA,NA,NA,NA,NA,NA,NA,NA,NA,3.77777777777777,1,22,NA,NA,NA,NA,"BOTH",NA,NA,"paper101","study103","es561","table","806","1",NA,0.627267839234172,NA,NA,NA,NA,NA,NA,NA,NA,NA,NA,NA,NA,NA,NA,NA,NA,NA,0.0159949902789677,0.627267839234172,0.736898810572785,0.218217890235992,0.0476190476190476
"Cowl & Shultz","Large brains and groups associated with high rates of agonism in primates",2017,"Behavioral Ecology","Manchester, UK","Mammalia","Primates","Multiple","Primates","Mammalia","Endocranial Volume","Dyadic Rate of Agonism","Neuroanatomy","brain size absolute","Socialinteraction","Inter","Wild","t",NA,44,"Inter_species_level",NA,"no",NA,NA,NA,NA,NA,NA,NA,NA,NA,NA,NA,0.536585365853659,1,42,NA,NA,NA,NA,"BOTH",NA,NA,"paper101","study103","es562","table","808","3",NA,0.0825145702652073,NA,NA,NA,NA,NA,NA,NA,NA,NA,NA,NA,NA,NA,NA,NA,NA,NA,0.0229402104456129,0.0825145702652073,0.0827026101053843,0.156173761888606,0.024390243902439
"Cowl & Shultz","Large brains and groups associated with high rates of agonism in primates",2017,"Behavioral Ecology","Manchester, UK","Mammalia","Primates","Multiple","Primates","Mammalia","Neocortex Ratio","Dyadic Rate of Agonism","Neuroanatomy","brain region relative","Socialinteraction","Inter","Wild","t",NA,23,"Inter_species_level",NA,"no",NA,NA,NA,NA,NA,NA,NA,NA,NA,NA,NA,1.41666666666666,1,21,NA,NA,NA,NA,"BOTH",NA,NA,"paper101","study103","es563","table","808","3",NA,0.2953508352909,NA,NA,NA,NA,NA,NA,NA,NA,NA,NA,NA,NA,NA,NA,NA,NA,NA,0.037870236828707,0.2953508352909,0.304418406243366,0.223606797749979,0.05
"Dunbar","Neocortex size as a constraint on group size in primates",1992,"Journal of Human Evolution","London, UK","Mammalia","Primates","Multiple","Primates","Mammalia","Neocortex Ratio (vs Rest of Brain)","Group Size","Neuroanatomy","brain region relative","Groupsize","Inter","Unknown","t",NA,34,"Inter_species_level",NA,"no",NA,NA,NA,NA,NA,NA,NA,NA,NA,NA,NA,10.349,NA,33,NA,NA,NA,NA,"SCOPUS",NA,NA,"paper22","study23","es80","table","481","2",NA,0.874332310615296,NA,NA,NA,NA,NA,NA,NA,NA,NA,NA,NA,NA,NA,NA,NA,NA,NA,0.00168122757118674,0.874332310615296,1.35118336844686,0.179605302026775,0.032258064516129
"Dunbar","Neocortex size as a constraint on group size in primates",1992,"Journal of Human Evolution","London, UK","Mammalia","Primates","Multiple","Primates","Mammalia","Neocortex Volume","Group Size","Neuroanatomy","brain region absolute","Groupsize","Inter","Unknown","t",NA,34,"Inter_species_level",NA,"no",NA,NA,NA,NA,NA,NA,NA,NA,NA,NA,NA,6.309,NA,33,NA,NA,NA,NA,"SCOPUS",NA,NA,"paper22","study23","es81","table","481","2",NA,0.739408527454358,NA,NA,NA,NA,NA,NA,NA,NA,NA,NA,NA,NA,NA,NA,NA,NA,NA,0.00622600764828508,0.739408527454358,0.949173232951415,0.179605302026775,0.032258064516129
"Dunbar","Neocortex size as a constraint on group size in primates",1992,"Journal of Human Evolution","London, UK","Mammalia","Primates","Multiple","Primates","Mammalia","Neocortex Volume (vs Hindbrain)","Group Size","Neuroanatomy","brain region relative","Groupsize","Inter","Unknown","t",NA,34,"Inter_species_level",NA,"no",NA,NA,NA,NA,NA,NA,NA,NA,NA,NA,NA,9.198,NA,33,NA,NA,NA,NA,"SCOPUS",NA,NA,"paper22","study23","es82","table","481","2",NA,0.848171798721067,NA,NA,NA,NA,NA,NA,NA,NA,NA,NA,NA,NA,NA,NA,NA,NA,NA,0.00238602852907196,0.848171798721067,1.24960129283688,0.179605302026775,0.032258064516129
"Dunbar","Neocortex size as a constraint on group size in primates",1992,"Journal of Human Evolution","London, UK","Mammalia","Primates","Multiple","Primates","Mammalia","Neocortex Index (Residual vs Body Mass)","Group Size","Neuroanatomy","brain region relative","Groupsize","Inter","Unknown","t",NA,34,"Inter_species_level",NA,"no",NA,NA,NA,NA,NA,NA,NA,NA,NA,NA,NA,0.92,NA,33,NA,NA,NA,NA,"SCOPUS",NA,NA,"paper22","study23","es83","table","481","2",NA,0.158136304678973,NA,NA,NA,NA,NA,NA,NA,NA,NA,NA,NA,NA,NA,NA,NA,NA,NA,0.0288063991781247,0.158136304678973,0.1594746195431,0.179605302026775,0.032258064516129
"Dunbar","Neocortex size as a constraint on group size in primates",1992,"Journal of Human Evolution","London, UK","Mammalia","Primates","Multiple","Primates","Mammalia","Neocortex Index (Residual vs Rest of Brain)","Group Size","Neuroanatomy","brain region relative","Groupsize","Inter","Unknown","t",NA,34,"Inter_species_level",NA,"no",NA,NA,NA,NA,NA,NA,NA,NA,NA,NA,NA,3.64,NA,33,NA,NA,NA,NA,"SCOPUS",NA,NA,"paper22","study23","es84","table","481","2",NA,0.535238559434418,NA,NA,NA,NA,NA,NA,NA,NA,NA,NA,NA,NA,NA,NA,NA,NA,NA,0.0154275860654918,0.535238559434418,0.59745840917904,0.179605302026775,0.032258064516129
"Dunbar","Neocortex size as a constraint on group size in primates",1992,"Journal of Human Evolution","London, UK","Mammalia","Primates","Multiple","Primates","Mammalia","Jerison's Index","Group Size","Neuroanatomy","brain region absolute","Groupsize","Inter","Unknown","t",NA,34,"Inter_species_level",NA,"no",NA,NA,NA,NA,NA,NA,NA,NA,NA,NA,NA,1.63,NA,33,NA,NA,NA,NA,"SCOPUS",NA,NA,"paper22","study23","es85","table","481","2",NA,0.272970561364593,NA,NA,NA,NA,NA,NA,NA,NA,NA,NA,NA,NA,NA,NA,NA,NA,NA,0.0259553430788515,0.272970561364593,0.280070751433349,0.179605302026775,0.032258064516129
"Dunbar & Bever","Neocortex size predicts group size in carnivores and some insectivores",1998,"Ethology","Liverpool, UK","Mammalia","Carnivora","Multiple","Other","Mammalia","Neocortex Ratio","Group Size","Neuroanatomy","brain region relative","Groupsize","Inter","Unknown","t",NA,40,"Inter_species_level",NA,"no",NA,NA,NA,NA,NA,NA,NA,NA,NA,NA,NA,2.758,38,NA,NA,NA,NA,NA,"WOS",NA,NA,"paper23","study24","es86","text","703",NA,NA,NA,NA,NA,NA,NA,NA,NA,NA,NA,NA,NA,NA,NA,NA,NA,NA,NA,NA,NA,NA,NA,0.164398987305357,0.027027027027027
"Dunbar & Bever","Neocortex size predicts group size in carnivores and some insectivores",1998,"Ethology","Liverpool, UK","Mammalia","Multiple","Multiple","Other","Mammalia","Neocortex Ratio","Group Size","Neuroanatomy","brain region relative","Groupsize","Inter","Unknown","t",NA,35,"Inter_species_level",NA,"no",NA,NA,NA,NA,NA,NA,NA,NA,NA,NA,NA,2.715,33,NA,NA,NA,NA,NA,"WOS",NA,NA,"paper23","study24","es87","text","704",NA,NA,NA,NA,NA,NA,NA,NA,NA,NA,NA,NA,NA,NA,NA,NA,NA,NA,NA,NA,NA,NA,NA,0.176776695296637,0.03125
"Dunbar & Bever","Neocortex size predicts group size in carnivores and some insectivores",1998,"Ethology","Liverpool, UK","Mammalia","Multiple","Multiple","Other","Mammalia","Absolute Neocortex Volume","Group Size","Neuroanatomy","brain region absolute","Groupsize","Inter","Unknown","t",NA,35,"Inter_species_level",NA,"no",NA,NA,NA,NA,NA,NA,NA,NA,NA,NA,NA,3.84,33,NA,NA,NA,NA,NA,"WOS",NA,NA,"paper23","study24","es568","text","704",NA,NA,NA,NA,NA,NA,NA,NA,NA,NA,NA,NA,NA,NA,NA,NA,NA,NA,NA,NA,NA,NA,NA,0.176776695296637,0.03125
"Fedorova et al","Living in stable social groups is associated with reduced brain size in woodpeckers (Picidae)",2017,"Biology Letters","Fife, UK","Aves","Piciformes","Multiple","Other","Aves","Brain Size","Social System","Neuroanatomy","brain size relative","Broadsociality","Inter","Unknown","t",NA,61,"Inter_species_level",NA,"no",NA,NA,NA,NA,NA,NA,NA,NA,NA,NA,NA,-0.39,1,57,NA,NA,NA,NA,"BOTH",2,2,"paper26","study27","es94","text","3",NA,NA,-0.0515879785566925,NA,NA,NA,NA,NA,NA,NA,NA,NA,NA,NA,NA,NA,NA,NA,NA,NA,0.0165780740593086,-0.0515879785566925,-0.0516338158031624,0.131306432859723,0.0172413793103448
"Fedorova et al","Living in stable social groups is associated with reduced brain size in woodpeckers (Picidae)",2017,"Biology Letters","Fife, UK","Aves","Piciformes","Multiple","Other","Aves","Brain Size","Social System","Neuroanatomy","brain size relative","Broadsociality","Inter","Unknown","t",NA,61,"Inter_species_level",NA,"no",NA,NA,NA,NA,NA,NA,NA,NA,NA,NA,NA,-1.68,1,57,NA,NA,NA,NA,"BOTH",2,2,"paper26","study27","es95","text","3",NA,NA,-0.217208774613819,NA,NA,NA,NA,NA,NA,NA,NA,NA,NA,NA,NA,NA,NA,NA,NA,NA,0.0151311102667099,-0.217208774613819,-0.220724800327777,0.131306432859723,0.0172413793103448
"Fedorova et al","Living in stable social groups is associated with reduced brain size in woodpeckers (Picidae)",2017,"Biology Letters","Fife, UK","Aves","Piciformes","Multiple","Other","Aves","Brain Size","Social System","Neuroanatomy","brain size relative","Broadsociality","Inter","Unknown","t",NA,61,"Inter_species_level",NA,"no",NA,NA,NA,NA,NA,NA,NA,NA,NA,NA,NA,-2.52,1,57,NA,NA,NA,NA,"BOTH",2,2,"paper26","study27","es96","text","3",NA,NA,-0.316610898389389,NA,NA,NA,NA,NA,NA,NA,NA,NA,NA,NA,NA,NA,NA,NA,NA,NA,0.0134927271504207,-0.316610898389389,-0.327875910214529,0.131306432859723,0.0172413793103448
"Keverne et al","Primate brain evolution: Genetic and functional considerations",1996,"Proceedings of the Royal Society B: Biological Sciences","Cambridge, UK","Mammalia","Primates","Multiple","Primates","Mammalia","Executive Brain","Group Size (categorical)","Neuroanatomy","brain region relative","Groupsize","Inter","Unknown","t",NA,40,"Inter_species_level",NA,"no",NA,NA,NA,NA,NA,NA,NA,NA,NA,NA,NA,8.19,1,38,NA,NA,NA,NA,"WOS",NA,NA,"paper37","study38","es183","table","693","4",NA,0.798972679705776,NA,NA,NA,NA,NA,NA,NA,NA,NA,NA,NA,NA,NA,NA,NA,NA,NA,0.00335347208775923,0.798972679705776,1.09576511338638,0.164398987305357,0.027027027027027
"Keverne et al","Primate brain evolution: Genetic and functional considerations",1996,"Proceedings of the Royal Society B: Biological Sciences","Cambridge, UK","Mammalia","Primates","Multiple","Primates","Mammalia","Emotional Brain","Group Size (categorical)","Neuroanatomy","brain region relative","Groupsize","Inter","Unknown","t",NA,23,"Inter_species_level",NA,"no",NA,NA,NA,NA,NA,NA,NA,NA,NA,NA,NA,-4.66,1,22,NA,NA,NA,NA,"WOS",NA,NA,"paper37","study38","es184","table","693","4",NA,-0.704802920412107,NA,NA,NA,NA,NA,NA,NA,NA,NA,NA,NA,NA,NA,NA,NA,NA,NA,0.0115119738349368,-0.704802920412107,-0.876780797076561,0.223606797749979,0.05
"Kudo & Dunbar","Neocortex size and social network size in primates",2001,"Animal Behaviour","Liverpool, UK","Mammalia","Primates","Multiple","Primates","Mammalia","Mean Neocortex Ratio","Grooming Clique Size","Neuroanatomy","brain region relative","Groupsize","Inter","Unknown","t",NA,29,"Inter_species_level",NA,"no",NA,NA,NA,NA,NA,NA,NA,NA,NA,NA,NA,2.11,1,28,NA,NA,NA,NA,"SCOPUS",NA,NA,"paper107","study109","es602","text","715",NA,NA,0.370391534862888,NA,NA,NA,NA,NA,NA,NA,NA,NA,NA,NA,NA,NA,NA,NA,NA,NA,0.0265871888383776,0.370391534862888,0.388876813793559,0.196116135138184,0.0384615384615385
"Lindenfors","Neocortex evolution in primates: the 'social brain' is for females",2005,"Biology Letters","Virginia, USA","Mammalia","Primates","Multiple","Primates","Mammalia","Relative Neocortex Size","Male Group Size","Neuroanatomy","brain region relative","Groupsize","Inter","Unknown","t",NA,21,"Inter_species_level",NA,"no",NA,NA,NA,NA,NA,NA,NA,NA,NA,NA,NA,-1.94,1,18,NA,NA,NA,NA,"BOTH",NA,NA,"paper50","study51","es277","table","408","1",NA,-0.415849671063825,NA,NA,NA,NA,NA,NA,NA,NA,NA,NA,NA,NA,NA,NA,NA,NA,NA,0.0342021607623968,-0.415849671063825,-0.442663370924813,0.235702260395516,0.0555555555555556
"Lindenfors","Neocortex evolution in primates: the 'social brain' is for females",2005,"Biology Letters","Virginia, USA","Mammalia","Primates","Multiple","Primates","Mammalia","Relative Neocortex Size","Female Group Size","Neuroanatomy","brain region relative","Groupsize","Inter","Unknown","t",NA,21,"Inter_species_level",NA,"no",NA,NA,NA,NA,NA,NA,NA,NA,NA,NA,NA,3.552,1,18,NA,NA,NA,NA,"BOTH",NA,NA,"paper50","study51","es278","table","408","1",NA,0.641938967470921,NA,NA,NA,NA,NA,NA,NA,NA,NA,NA,NA,NA,NA,NA,NA,NA,NA,0.0172821648547842,0.641938967470921,0.761464832949258,0.235702260395516,0.0555555555555556
"Lindenfors et al","Primate brain architecture and selection in relation to sex",2007,"BMC Biology","Stockholm, Sweden","Mammalia","Primates","Multiple","Primates","Mammalia","Relative Diencephalon","Female Group Size","Neuroanatomy","brain region relative","Groupsize","Inter","Unknown","t",NA,21,"Inter_species_level",NA,"no",NA,NA,NA,NA,NA,NA,NA,NA,NA,NA,NA,-2.143,1,16,NA,NA,NA,NA,"BOTH",NA,NA,"paper51","study52","es279","table","4","1",NA,-0.472245873257523,NA,NA,NA,NA,NA,NA,NA,NA,NA,NA,NA,NA,NA,NA,NA,NA,NA,0.0301851940074243,-0.472245873257523,-0.512956906301429,0.235702260395516,0.0555555555555556
"Lindenfors et al","Primate brain architecture and selection in relation to sex",2007,"BMC Biology","Stockholm, Sweden","Mammalia","Primates","Multiple","Primates","Mammalia","Relative Telencephalon","Female Group Size","Neuroanatomy","brain region relative","Groupsize","Inter","Unknown","t",NA,21,"Inter_species_level",NA,"no",NA,NA,NA,NA,NA,NA,NA,NA,NA,NA,NA,3.259,1,16,NA,NA,NA,NA,"BOTH",NA,NA,"paper51","study52","es280","table","4","1",NA,0.631642751989086,NA,NA,NA,NA,NA,NA,NA,NA,NA,NA,NA,NA,NA,NA,NA,NA,NA,0.0180616988125961,0.631642751989086,0.744144679845744,0.235702260395516,0.0555555555555556
"Lindenfors et al","Primate brain architecture and selection in relation to sex",2007,"BMC Biology","Stockholm, Sweden","Mammalia","Primates","Multiple","Primates","Mammalia","Relative Hippocampus","Female Group Size","Neuroanatomy","brain region relative","Groupsize","Inter","Unknown","t",NA,21,"Inter_species_level",NA,"no",NA,NA,NA,NA,NA,NA,NA,NA,NA,NA,NA,-2.268,1,18,NA,NA,NA,NA,"BOTH",NA,NA,"paper51","study52","es281","table","4","2",NA,-0.471438982999836,NA,NA,NA,NA,NA,NA,NA,NA,NA,NA,NA,NA,NA,NA,NA,NA,NA,0.0302443864409474,-0.471438982999836,-0.511918924573383,0.235702260395516,0.0555555555555556
"Lindenfors et al","Primate brain architecture and selection in relation to sex",2007,"BMC Biology","Stockholm, Sweden","Mammalia","Primates","Multiple","Primates","Mammalia","Relative Neocortex","Female Group Size","Neuroanatomy","brain region relative","Groupsize","Inter","Unknown","t",NA,21,"Inter_species_level",NA,"no",NA,NA,NA,NA,NA,NA,NA,NA,NA,NA,NA,3.398,1,17,NA,NA,NA,NA,"BOTH",NA,NA,"paper51","study52","es282","table","4","2",NA,0.63598616844793,NA,NA,NA,NA,NA,NA,NA,NA,NA,NA,NA,NA,NA,NA,NA,NA,NA,0.017732298418795,0.63598616844793,0.751404598474398,0.235702260395516,0.0555555555555556
"Lindenfors et al","Primate brain architecture and selection in relation to sex",2007,"BMC Biology","Stockholm, Sweden","Mammalia","Primates","Multiple","Primates","Mammalia","Relative Diencephalon","Male Group Size","Neuroanatomy","brain region relative","Groupsize","Inter","Unknown","t",NA,21,"Inter_species_level",NA,"no",NA,NA,NA,NA,NA,NA,NA,NA,NA,NA,NA,2.021,1,16,NA,NA,NA,NA,"BOTH",NA,NA,"paper51","study52","es283","table","4","1",NA,0.450958356603712,NA,NA,NA,NA,NA,NA,NA,NA,NA,NA,NA,NA,NA,NA,NA,NA,NA,0.0317314904849691,0.450958356603712,0.485902630433988,0.235702260395516,0.0555555555555556
"Lindenfors et al","Primate brain architecture and selection in relation to sex",2007,"BMC Biology","Stockholm, Sweden","Mammalia","Primates","Multiple","Primates","Mammalia","Relative Telencephalon","Male Group Size","Neuroanatomy","brain region relative","Groupsize","Inter","Unknown","t",NA,21,"Inter_species_level",NA,"no",NA,NA,NA,NA,NA,NA,NA,NA,NA,NA,NA,-2.335,1,16,NA,NA,NA,NA,"BOTH",NA,NA,"paper51","study52","es284","table","4","1",NA,-0.504139484783223,NA,NA,NA,NA,NA,NA,NA,NA,NA,NA,NA,NA,NA,NA,NA,NA,NA,0.027814117365728,-0.504139484783223,-0.554840787448577,0.235702260395516,0.0555555555555556
"Lindenfors et al","Primate brain architecture and selection in relation to sex",2007,"BMC Biology","Stockholm, Sweden","Mammalia","Primates","Multiple","Primates","Mammalia","Relative Septum","Male Group Size","Neuroanatomy","brain region relative","Groupsize","Inter","Unknown","t",NA,21,"Inter_species_level",NA,"no",NA,NA,NA,NA,NA,NA,NA,NA,NA,NA,NA,-3.053,1,17,NA,NA,NA,NA,"BOTH",NA,NA,"paper51","study52","es285","table","4","2",NA,-0.59508251178587,NA,NA,NA,NA,NA,NA,NA,NA,NA,NA,NA,NA,NA,NA,NA,NA,NA,0.0208578423080243,-0.59508251178587,-0.685498715931266,0.235702260395516,0.0555555555555556
"Lindenfors et al","Primate brain architecture and selection in relation to sex",2007,"BMC Biology","Stockholm, Sweden","Mammalia","Primates","Multiple","Primates","Mammalia","Relative Schizocortex","Male Group Size","Neuroanatomy","brain region relative","Groupsize","Inter","Unknown","t",NA,21,"Inter_species_level",NA,"no",NA,NA,NA,NA,NA,NA,NA,NA,NA,NA,NA,-5.191,1,17,NA,NA,NA,NA,"BOTH",NA,NA,"paper51","study52","es286","table","4","2",NA,-0.783049067060458,NA,NA,NA,NA,NA,NA,NA,NA,NA,NA,NA,NA,NA,NA,NA,NA,NA,0.00748203331205026,-0.783049067060458,-1.05320446219065,0.235702260395516,0.0555555555555556
"Lindenfors et al","Primate brain architecture and selection in relation to sex",2007,"BMC Biology","Stockholm, Sweden","Mammalia","Primates","Multiple","Primates","Mammalia","Relative Neocortex","Male Group Size","Neuroanatomy","brain region relative","Groupsize","Inter","Unknown","t",NA,21,"Inter_species_level",NA,"no",NA,NA,NA,NA,NA,NA,NA,NA,NA,NA,NA,-1.984,1,17,NA,NA,NA,NA,"BOTH",NA,NA,"paper51","study52","es287","table","4","2",NA,-0.433602879665099,NA,NA,NA,NA,NA,NA,NA,NA,NA,NA,NA,NA,NA,NA,NA,NA,NA,0.0329662696775495,-0.433602879665099,-0.464325296350754,0.235702260395516,0.0555555555555556
"MacLean et al","The evolution of self-control",2014,"Proceedings of the National Academy of Sciences of the United States of America","North Carolina, USA","Mammalia","Primates","Multiple","Primates","Mammalia","Inhibitory Control","Group Size","Cognitive Ability","Cognitive Ability","Groupsize","Inter","Unknown","t",NA,23,"Inter_species_level",NA,"no",NA,NA,NA,NA,NA,NA,NA,NA,NA,NA,NA,-0.75,1,13,NA,NA,NA,NA,"WOS",NA,NA,"paper58","study59","es304","table","2144","2",NA,-0.203653269990639,NA,NA,NA,NA,NA,NA,NA,NA,NA,NA,NA,NA,NA,NA,NA,NA,NA,0.0417623108272729,-0.203653269990639,-0.206540960596148,0.223606797749979,0.05
"MacLean et al","The evolution of self-control",2014,"Proceedings of the National Academy of Sciences of the United States of America","North Carolina, USA","Mammalia","Primates","Multiple","Primates","Mammalia","Inhibitory Control","Foraging Group size","Cognitive Ability","Cognitive Ability","Groupsize","Inter","Unknown","t",NA,23,"Inter_species_level",NA,"no",NA,NA,NA,NA,NA,NA,NA,NA,NA,NA,NA,-0.33,1,13,NA,NA,NA,NA,"WOS",NA,NA,"paper58","study59","es305","table","2144","2",NA,-0.0911445729917631,NA,NA,NA,NA,NA,NA,NA,NA,NA,NA,NA,NA,NA,NA,NA,NA,NA,0.0447024702460436,-0.0911445729917631,-0.0913982279603534,0.223606797749979,0.05
"Powell et al","Re-evaluating the link between brain size and behavioural ecology in primates",2017,"Proceedings of the Royal Society B: Biological Sciences","Durham, UK","Mammalia","Primates","Multiple","Primates","Mammalia","Relative Brain Size","Group Size (population group size)","Neuroanatomy","brain size relative","Groupsize","Inter","Unknown","t",NA,104,"Inter_species_level",NA,"no",NA,NA,NA,NA,NA,NA,NA,NA,NA,NA,NA,0.1,97,NA,NA,NA,NA,NA,"BOTH",NA,NA,"paper69","study71","es375","table","3","1",NA,NA,NA,NA,NA,NA,NA,NA,NA,NA,NA,NA,NA,NA,NA,NA,NA,NA,NA,NA,NA,NA,0.0995037190209989,0.0099009900990099
"Powell et al","Re-evaluating the link between brain size and behavioural ecology in primates",2017,"Proceedings of the Royal Society B: Biological Sciences","Durham, UK","Mammalia","Primates","Multiple","Primates","Mammalia","Relative Brain Size","Group Size (largest value of foraging and sleeping group size)","Neuroanatomy","brain size relative","Groupsize","Inter","Unknown","t",NA,144,"Inter_species_level",NA,"no",NA,NA,NA,NA,NA,NA,NA,NA,NA,NA,NA,1.7,137,NA,NA,NA,NA,NA,"BOTH",NA,NA,"paper69","study71","es376","table","3","1",NA,NA,NA,NA,NA,NA,NA,NA,NA,NA,NA,NA,NA,NA,NA,NA,NA,NA,NA,NA,NA,NA,0.0842151921066519,0.00709219858156029
"Reader et al","The evolution of primate general and cultural intelligence",2011,"Philosophical Transactions of the Royal Society B-Biological Sciences","Utrecht, The Netherlands","Mammalia","Primates","Multiple","Primates","Mammalia","General Intelligence","Group Size","Cognitive Ability","Cognitive Ability","Groupsize","Inter","Unknown","t",NA,58,"Inter_species_level",0.2,"no",NA,NA,NA,NA,NA,NA,NA,NA,NA,NA,NA,NA,NA,NA,NA,NA,NA,NA,"WOS",NA,NA,"paper70","study72","es381","text","1022",NA,NA,NA,NA,NA,NA,NA,NA,NA,NA,NA,NA,NA,NA,NA,NA,NA,NA,NA,NA,NA,NA,NA,0.134839972492648,0.0181818181818182
"Reader et al","The evolution of primate general and cultural intelligence",2011,"Philosophical Transactions of the Royal Society B-Biological Sciences","Utrecht, The Netherlands","Mammalia","Primates","Multiple","Primates","Mammalia","Neocortex Ratio","Group Size","Neuroanatomy","brain region relative","Groupsize","Inter","Unknown","t",NA,29,"Inter_species_level",NA,"no",NA,NA,NA,NA,NA,NA,NA,NA,NA,NA,NA,2.89,27,NA,NA,NA,NA,NA,"WOS",NA,NA,"paper70","study72","es382","table","s4","s3",NA,NA,NA,NA,NA,NA,NA,NA,NA,NA,NA,NA,NA,NA,NA,NA,NA,NA,NA,NA,NA,NA,0.196116135138184,0.0384615384615385
"Reader et al","The evolution of primate general and cultural intelligence",2011,"Philosophical Transactions of the Royal Society B-Biological Sciences","Utrecht, The Netherlands","Mammalia","Primates","Multiple","Primates","Mammalia","Executive Brain Ratio (Neocortex and Striatum over brainstem)","Group Size","Neuroanatomy","brain region relative","Groupsize","Inter","Unknown","t",NA,19,"Inter_species_level",NA,"no",NA,NA,NA,NA,NA,NA,NA,NA,NA,NA,NA,0.33,17,NA,NA,NA,NA,NA,"WOS",NA,NA,"paper70","study72","es383","table","s4","s3",NA,NA,NA,NA,NA,NA,NA,NA,NA,NA,NA,NA,NA,NA,NA,NA,NA,NA,NA,NA,NA,NA,0.25,0.0625
"Reader et al","The evolution of primate general and cultural intelligence",2011,"Philosophical Transactions of the Royal Society B-Biological Sciences","Utrecht, The Netherlands","Mammalia","Primates","Multiple","Primates","Mammalia","Neocortex Size","Group Size","Neuroanatomy","brain region absolute","Groupsize","Inter","Unknown","t",NA,29,"Inter_species_level",NA,"no",NA,NA,NA,NA,NA,NA,NA,NA,NA,NA,NA,0.2,27,NA,NA,NA,NA,NA,"WOS",NA,NA,"paper70","study72","es384","table","s4","s3",NA,NA,NA,NA,NA,NA,NA,NA,NA,NA,NA,NA,NA,NA,NA,NA,NA,NA,NA,NA,NA,NA,0.196116135138184,0.0384615384615385
"Reader et al","The evolution of primate general and cultural intelligence",2011,"Philosophical Transactions of the Royal Society B-Biological Sciences","Utrecht, The Netherlands","Mammalia","Primates","Multiple","Primates","Mammalia","Residuals of Neocortex on rest of brain","Group Size","Neuroanatomy","brain region relative","Groupsize","Inter","Unknown","t",NA,29,"Inter_species_level",NA,"no",NA,NA,NA,NA,NA,NA,NA,NA,NA,NA,NA,2.32,27,NA,NA,NA,NA,NA,"WOS",NA,NA,"paper70","study72","es385","table","s4","s3",NA,NA,NA,NA,NA,NA,NA,NA,NA,NA,NA,NA,NA,NA,NA,NA,NA,NA,NA,NA,NA,NA,0.196116135138184,0.0384615384615385
"Swanson et al","Multiple Determinants of Whole and Regional Brain Volume among Terrestrial Carnivorans",2012,"PLoS ONE","Michigan, USA","Mammalia","Carnivora","Multiple","Other","Mammalia","Total Cerebrum Volume","Social Complexity","Neuroanatomy","brain region relative","Broadsociality","Inter","Unknown","t",108,36,"Inter_species_level",NA,"no",NA,NA,NA,NA,NA,NA,NA,NA,NA,NA,NA,3.711,1,28,NA,NA,NA,NA,"BOTH",NA,NA,"paper88","study90","es466","table","8","3",NA,0.574183634157195,NA,NA,NA,NA,NA,NA,NA,NA,NA,NA,NA,NA,NA,NA,NA,NA,NA,0.0128377064223453,0.574183634157195,0.653741951062688,0.174077655955698,0.0303030303030303
"Swanson et al","Multiple Determinants of Whole and Regional Brain Volume among Terrestrial Carnivorans",2012,"PLoS ONE","Michigan, USA","Mammalia","Carnivora","Multiple","Other","Mammalia","Cerebellum and brainstem","Social Complexity","Neuroanatomy","brain region relative","Broadsociality","Inter","Unknown","t",108,36,"Inter_species_level",NA,"no",NA,NA,NA,NA,NA,NA,NA,NA,NA,NA,NA,-3.487,1,28,NA,NA,NA,NA,"BOTH",NA,NA,"paper88","study90","es467","table","8","3",NA,-0.550249413873971,NA,NA,NA,NA,NA,NA,NA,NA,NA,NA,NA,NA,NA,NA,NA,NA,NA,0.0138892432267481,-0.550249413873971,-0.618738966544488,0.174077655955698,0.0303030303030303
"Swanson et al","Multiple Determinants of Whole and Regional Brain Volume among Terrestrial Carnivorans",2012,"PLoS ONE","Michigan, USA","Mammalia","Carnivora","Multiple","Other","Mammalia","Anterior Cerebrum","Social Complexity","Neuroanatomy","brain region relative","Broadsociality","Inter","Unknown","t",108,36,"Inter_species_level",NA,"no",NA,NA,NA,NA,NA,NA,NA,NA,NA,NA,NA,-0.404,1,28,NA,NA,NA,NA,"BOTH",NA,NA,"paper88","study90","es468","table","8","3",NA,-0.0761272675899953,NA,NA,NA,NA,NA,NA,NA,NA,NA,NA,NA,NA,NA,NA,NA,NA,NA,0.0282412246990338,-0.0761272675899953,-0.0762748427442392,0.174077655955698,0.0303030303030303
"Swanson et al","Multiple Determinants of Whole and Regional Brain Volume among Terrestrial Carnivorans",2012,"PLoS ONE","Michigan, USA","Mammalia","Carnivora","Multiple","Other","Mammalia","Posterior Cerebrum","Social Complexity","Neuroanatomy","brain region relative","Broadsociality","Inter","Unknown","t",108,36,"Inter_species_level",NA,"no",NA,NA,NA,NA,NA,NA,NA,NA,NA,NA,NA,0.961,1,28,NA,NA,NA,NA,"BOTH",NA,NA,"paper88","study90","es469","table","8","3",NA,0.178688995463533,NA,NA,NA,NA,NA,NA,NA,NA,NA,NA,NA,NA,NA,NA,NA,NA,NA,0.0267759998625405,0.178688995463533,0.180628114722184,0.174077655955698,0.0303030303030303
"Swanson et al","Multiple Determinants of Whole and Regional Brain Volume among Terrestrial Carnivorans",2012,"PLoS ONE","Michigan, USA","Mammalia","Carnivora","Multiple","Other","Mammalia","Mass Corrected Overall Endocranial Volume","Social Complexity","Neuroanatomy","brain size relative","Broadsociality","Inter","Unknown","t",108,36,"Inter_species_level",NA,"no",NA,NA,NA,NA,NA,NA,NA,NA,NA,NA,NA,-0.919,1,28,NA,NA,NA,NA,"BOTH",NA,NA,"paper88","study90","es470","table","8","3",NA,-0.17111321238992,NA,NA,NA,NA,NA,NA,NA,NA,NA,NA,NA,NA,NA,NA,NA,NA,NA,0.0269227954218642,-0.17111321238992,-0.172813229107428,0.174077655955698,0.0303030303030303
"Swanson et al","Multiple Determinants of Whole and Regional Brain Volume among Terrestrial Carnivorans",2012,"PLoS ONE","Michigan, USA","Mammalia","Carnivora","Multiple","Other","Mammalia","Size Corrected Overal Endocranial Volumte","Social Complexity","Neuroanatomy","brain size relative","Broadsociality","Inter","Unknown","t",108,36,"Inter_species_level",NA,"no",NA,NA,NA,NA,NA,NA,NA,NA,NA,NA,NA,-1.756,1,28,NA,NA,NA,NA,"BOTH",NA,NA,"paper88","study90","es471","table","8","3",NA,-0.314962829168837,NA,NA,NA,NA,NA,NA,NA,NA,NA,NA,NA,NA,NA,NA,NA,NA,NA,0.0231839367629722,-0.314962829168837,-0.326045288321753,0.174077655955698,0.0303030303030303
